scraped_at,club_name,target_date,court_name,start_time,end_time,price,available
2026-08-31 09:33:25,Padel Berlin Mitte,2026-08-31,Court 1,10:00,11:30,32.0,True
2026-08-31 09:33:25,Smart Padel Berlin,2026-08-31,Court 1,10:00,11:30,32.0,True
2026-08-31 09:33:25,Padel Berlin Mitte,2026-09-01,Court 1,10:00,11:30,32.0,True
2026-08-31 09:33:25,Smart Padel Berlin,2026-09-01,Court 1,10:00,11:30,32.0,True
2026-08-31 10:07:28,Padel Berlin Mitte,2026-08-31,Court 1,10:00,11:30,32.0,True
2026-08-31 10:07:28,Smart Padel Berlin,2026-08-31,Court 1,10:00,11:30,32.0,True
2026-08-31 10:07:28,Padel Berlin Mitte,2026-09-01,Court 1,10:00,11:30,32.0,True
2026-08-31 10:07:28,Smart Padel Berlin,2026-09-01,Court 1,10:00,11:30,32.0,True
2026-08-31 11:07:30,Padel Berlin Mitte,2026-08-31,Court 1,10:00,11:30,32.0,True
2026-08-31 11:07:30,Smart Padel Berlin,2026-08-31,Court 1,10:00,11:30,32.0,True
2026-08-31 11:07:30,Padel Berlin Mitte,2026-09-01,Court 1,10:00,11:30,32.0,True
2026-08-31 11:07:30,Smart Padel Berlin,2026-09-01,Court 1,10:00,11:30,32.0,True
2026-08-31 12:08:16,Padel Berlin Mitte,2026-08-31,Court 1,10:00,11:30,32.0,True
2026-08-31 12:08:16,Smart Padel Berlin,2026-08-31,Court 1,10:00,11:30,32.0,True
2026-08-31 12:08:16,Padel Berlin Mitte,2026-09-01,Court 1,10:00,11:30,32.0,True
2026-08-31 12:08:16,Smart Padel Berlin,2026-09-01,Court 1,10:00,11:30,32.0,True
2026-08-31 13:07:42,Padel Berlin Mitte,2026-08-31,Court 1,10:00,11:30,32.0,True
2026-08-31 13:07:42,Smart Padel Berlin,2026-08-31,Court 1,10:00,11:30,32.0,True
2026-08-31 13:07:42,Padel Berlin Mitte,2026-09-01,Court 1,10:00,11:30,32.0,True
2026-08-31 13:07:42,Smart Padel Berlin,2026-09-01,Court 1,10:00,11:30,32.0,True
2026-08-31 14:07:50,Padel Berlin Mitte,2026-08-31,Court 1,10:00,11:30,32.0,True
2026-08-31 14:07:50,Smart Padel Berlin,2026-08-31,Court 1,10:00,11:30,32.0,True
2026-08-31 14:07:50,Padel Berlin Mitte,2026-09-01,Court 1,10:00,11:30,32.0,True
2026-08-31 14:07:50,Smart Padel Berlin,2026-09-01,Court 1,10:00,11:30,32.0,True
2026-08-31 15:07:38,Padel Berlin Mitte,2026-08-31,Court 1,10:00,11:30,32.0,True
2026-08-31 15:07:38,Smart Padel Berlin,2026-08-31,Court 1,10:00,11:30,32.0,True
2026-08-31 15:07:38,Padel Berlin Mitte,2026-09-01,Court 1,10:00,11:30,32.0,True
2026-08-31 15:07:38,Smart Padel Berlin,2026-09-01,Court 1,10:00,11:30,32.0,True
2026-08-31 16:07:39,Padel Berlin Mitte,2026-08-31,Court 1,10:00,11:30,32.0,True
2026-08-31 16:07:39,Smart Padel Berlin,2026-08-31,Court 1,10:00,11:30,32.0,True
2026-08-31 16:07:39,Padel Berlin Mitte,2026-09-01,Court 1,10:00,11:30,32.0,True
2026-08-31 16:07:39,Smart Padel Berlin,2026-09-01,Court 1,10:00,11:30,32.0,True
2026-08-31 17:07:30,Padel Berlin Mitte,2026-08-31,Court 1,10:00,11:30,32.0,True
2026-08-31 17:07:30,Smart Padel Berlin,2026-08-31,Court 1,10:00,11:30,32.0,True
2026-08-31 17:07:30,Padel Berlin Mitte,2026-09-01,Court 1,10:00,11:30,32.0,True
2026-08-31 17:07:30,Smart Padel Berlin,2026-09-01,Court 1,10:00,11:30,32.0,True
2026-08-31 18:07:50,Padel Berlin Mitte,2026-08-31,Court 1,10:00,11:30,32.0,True
2026-08-31 18:07:50,Smart Padel Berlin,2026-08-31,Court 1,10:00,11:30,32.0,True
2026-08-31 18:07:50,Padel Berlin Mitte,2026-09-01,Court 1,10:00,11:30,32.0,True
2026-08-31 18:07:50,Smart Padel Berlin,2026-09-01,Court 1,10:00,11:30,32.0,True
2026-08-31 19:07:37,Padel Berlin Mitte,2026-08-31,Court 1,10:00,11:30,32.0,True
2026-08-31 19:07:37,Smart Padel Berlin,2026-08-31,Court 1,10:00,11:30,32.0,True
2026-08-31 19:07:37,Padel Berlin Mitte,2026-09-01,Court 1,10:00,11:30,32.0,True
2026-08-31 19:07:37,Smart Padel Berlin,2026-09-01,Court 1,10:00,11:30,32.0,True
2026-08-31 20:07:35,Padel Berlin Mitte,2026-08-31,Court 1,10:00,11:30,32.0,True
2026-08-31 20:07:35,Smart Padel Berlin,2026-08-31,Court 1,10:00,11:30,32.0,True
2026-08-31 20:07:35,Padel Berlin Mitte,2026-09-01,Court 1,10:00,11:30,32.0,True
2026-08-31 20:07:35,Smart Padel Berlin,2026-09-01,Court 1,10:00,11:30,32.0,True
2026-08-31 21:07:38,Padel Berlin Mitte,2026-08-31,Court 1,10:00,11:30,32.0,True
2026-08-31 21:07:38,Smart Padel Berlin,2026-08-31,Court 1,10:00,11:30,32.0,True
2026-08-31 21:07:38,Padel Berlin Mitte,2026-09-01,Court 1,10:00,11:30,32.0,True
2026-08-31 21:07:38,Smart Padel Berlin,2026-09-01,Court 1,10:00,11:30,32.0,True
2026-08-31 22:07:24,Padel Berlin Mitte,2026-08-31,Court 1,10:00,11:30,32.0,True
2026-08-31 22:07:24,Smart Padel Berlin,2026-08-31,Court 1,10:00,11:30,32.0,True
2026-08-31 22:07:24,Padel Berlin Mitte,2026-09-01,Court 1,10:00,11:30,32.0,True
2026-08-31 22:07:24,Smart Padel Berlin,2026-09-01,Court 1,10:00,11:30,32.0,True
2026-08-31 23:07:20,Padel Berlin Mitte,2026-08-31,Court 1,10:00,11:30,32.0,True
2026-08-31 23:07:20,Smart Padel Berlin,2026-08-31,Court 1,10:00,11:30,32.0,True
2026-08-31 23:07:20,Padel Berlin Mitte,2026-09-01,Court 1,10:00,11:30,32.0,True
2026-08-31 23:07:20,Smart Padel Berlin,2026-09-01,Court 1,10:00,11:30,32.0,True
2026-09-01 00:22:33,Padel Berlin Mitte,2026-09-01,Court 1,10:00,11:30,32.0,True
2026-09-01 00:22:33,Smart Padel Berlin,2026-09-01,Court 1,10:00,11:30,32.0,True
2026-09-01 00:22:33,Padel Berlin Mitte,2026-09-02,Court 1,10:00,11:30,32.0,True
2026-09-01 00:22:33,Smart Padel Berlin,2026-09-02,Court 1,10:00,11:30,32.0,True
2026-09-01 01:12:58,Padel Berlin Mitte,2026-09-01,Court 1,10:00,11:30,32.0,True
2026-09-01 01:12:58,Smart Padel Berlin,2026-09-01,Court 1,10:00,11:30,32.0,True
2026-09-01 01:12:58,Padel Berlin Mitte,2026-09-02,Court 1,10:00,11:30,32.0,True
2026-09-01 01:12:58,Smart Padel Berlin,2026-09-02,Court 1,10:00,11:30,32.0,True
2026-09-01 02:13:06,Padel Berlin Mitte,2026-09-01,Court 1,10:00,11:30,32.0,True
2026-09-01 02:13:06,Smart Padel Berlin,2026-09-01,Court 1,10:00,11:30,32.0,True
2026-09-01 02:13:06,Padel Berlin Mitte,2026-09-02,Court 1,10:00,11:30,32.0,True
2026-09-01 02:13:06,Smart Padel Berlin,2026-09-02,Court 1,10:00,11:30,32.0,True
2026-09-01 03:14:19,Padel Berlin Mitte,2026-09-01,Court 1,10:00,11:30,32.0,True
2026-09-01 03:14:19,Smart Padel Berlin,2026-09-01,Court 1,10:00,11:30,32.0,True
2026-09-01 03:14:19,Padel Berlin Mitte,2026-09-02,Court 1,10:00,11:30,32.0,True
2026-09-01 03:14:19,Smart Padel Berlin,2026-09-02,Court 1,10:00,11:30,32.0,True
2026-09-01 04:13:23,Padel Berlin Mitte,2026-09-01,Court 1,10:00,11:30,32.0,True
2026-09-01 04:13:23,Smart Padel Berlin,2026-09-01,Court 1,10:00,11:30,32.0,True
2026-09-01 04:13:23,Padel Berlin Mitte,2026-09-02,Court 1,10:00,11:30,32.0,True
2026-09-01 04:13:23,Smart Padel Berlin,2026-09-02,Court 1,10:00,11:30,32.0,True
2026-09-01 05:13:11,Padel Berlin Mitte,2026-09-01,Court 1,10:00,11:30,32.0,True
2026-09-01 05:13:11,Smart Padel Berlin,2026-09-01,Court 1,10:00,11:30,32.0,True
2026-09-01 05:13:11,Padel Berlin Mitte,2026-09-02,Court 1,10:00,11:30,32.0,True
2026-09-01 05:13:11,Smart Padel Berlin,2026-09-02,Court 1,10:00,11:30,32.0,True
2026-09-01 06:18:22,Padel Berlin Mitte,2026-09-01,Court 1,10:00,11:30,32.0,True
2026-09-01 06:18:22,Smart Padel Berlin,2026-09-01,Court 1,10:00,11:30,32.0,True
2026-09-01 06:18:22,Padel Berlin Mitte,2026-09-02,Court 1,10:00,11:30,32.0,True
2026-09-01 06:18:22,Smart Padel Berlin,2026-09-02,Court 1,10:00,11:30,32.0,True
2026-09-01 07:13:50,Padel Berlin Mitte,2026-09-01,Court 1,10:00,11:30,32.0,True
2026-09-01 07:13:50,Smart Padel Berlin,2026-09-01,Court 1,10:00,11:30,32.0,True
2026-09-01 07:13:50,Padel Berlin Mitte,2026-09-02,Court 1,10:00,11:30,32.0,True
2026-09-01 07:13:50,Smart Padel Berlin,2026-09-02,Court 1,10:00,11:30,32.0,True
2026-09-01 08:15:31,Padel Berlin Mitte,2026-09-01,Court 1,10:00,11:30,32.0,True
2026-09-01 08:15:31,Smart Padel Berlin,2026-09-01,Court 1,10:00,11:30,32.0,True
2026-09-01 08:15:31,Padel Berlin Mitte,2026-09-02,Court 1,10:00,11:30,32.0,True
2026-09-01 08:15:31,Smart Padel Berlin,2026-09-02,Court 1,10:00,11:30,32.0,True
2026-09-01 09:14:39,Padel Berlin Mitte,2026-09-01,Court 1,10:00,11:30,32.0,True
2026-09-01 09:14:39,Smart Padel Berlin,2026-09-01,Court 1,10:00,11:30,32.0,True
2026-09-01 09:14:39,Padel Berlin Mitte,2026-09-02,Court 1,10:00,11:30,32.0,True
2026-09-01 09:14:39,Smart Padel Berlin,2026-09-02,Court 1,10:00,11:30,32.0,True
2026-09-01 10:14:40,Padel Berlin Mitte,2026-09-01,Court 1,10:00,11:30,32.0,True
2026-09-01 10:14:40,Smart Padel Berlin,2026-09-01,Court 1,10:00,11:30,32.0,True
2026-09-01 10:14:40,Padel Berlin Mitte,2026-09-02,Court 1,10:00,11:30,32.0,True
2026-09-01 10:14:40,Smart Padel Berlin,2026-09-02,Court 1,10:00,11:30,32.0,True
2026-09-01 11:13:33,Padel Berlin Mitte,2026-09-01,Court 1,10:00,11:30,32.0,True
2026-09-01 11:13:33,Smart Padel Berlin,2026-09-01,Court 1,10:00,11:30,32.0,True
2026-09-01 11:13:33,Padel Berlin Mitte,2026-09-02,Court 1,10:00,11:30,32.0,True
2026-09-01 11:13:33,Smart Padel Berlin,2026-09-02,Court 1,10:00,11:30,32.0,True
2026-09-01 12:18:50,Padel Berlin Mitte,2026-09-01,Court 1,10:00,11:30,32.0,True
2026-09-01 12:18:50,Smart Padel Berlin,2026-09-01,Court 1,10:00,11:30,32.0,True
2026-09-01 12:18:50,Padel Berlin Mitte,2026-09-02,Court 1,10:00,11:30,32.0,True
2026-09-01 12:18:50,Smart Padel Berlin,2026-09-02,Court 1,10:00,11:30,32.0,True
2026-09-01 13:14:22,Padel Berlin Mitte,2026-09-01,Court 1,10:00,11:30,32.0,True
2026-09-01 13:14:22,Smart Padel Berlin,2026-09-01,Court 1,10:00,11:30,32.0,True
2026-09-01 13:14:22,Padel Berlin Mitte,2026-09-02,Court 1,10:00,11:30,32.0,True
2026-09-01 13:14:22,Smart Padel Berlin,2026-09-02,Court 1,10:00,11:30,32.0,True
2026-09-01 14:14:23,Padel Berlin Mitte,2026-09-01,Court 1,10:00,11:30,32.0,True
2026-09-01 14:14:23,Smart Padel Berlin,2026-09-01,Court 1,10:00,11:30,32.0,True
2026-09-01 14:14:23,Padel Berlin Mitte,2026-09-02,Court 1,10:00,11:30,32.0,True
2026-09-01 14:14:23,Smart Padel Berlin,2026-09-02,Court 1,10:00,11:30,32.0,True
2026-09-01 15:15:17,Padel Berlin Mitte,2026-09-01,Court 1,10:00,11:30,32.0,True
2026-09-01 15:15:17,Smart Padel Berlin,2026-09-01,Court 1,10:00,11:30,32.0,True
2026-09-01 15:15:17,Padel Berlin Mitte,2026-09-02,Court 1,10:00,11:30,32.0,True
2026-09-01 15:15:17,Smart Padel Berlin,2026-09-02,Court 1,10:00,11:30,32.0,True
2026-09-01 16:39:11,Padel Berlin Mitte,2026-09-01,Court 1,10:00,11:30,32.0,True
2026-09-01 16:39:11,Smart Padel Berlin,2026-09-01,Court 1,10:00,11:30,32.0,True
2026-09-01 16:39:11,Padel Berlin Mitte,2026-09-02,Court 1,10:00,11:30,32.0,True
2026-09-01 16:39:11,Smart Padel Berlin,2026-09-02,Court 1,10:00,11:30,32.0,True
2026-09-01 17:13:26,Padel Berlin Mitte,2026-09-01,Court 1,10:00,11:30,32.0,True
2026-09-01 17:13:26,Smart Padel Berlin,2026-09-01,Court 1,10:00,11:30,32.0,True
2026-09-01 17:13:26,Padel Berlin Mitte,2026-09-02,Court 1,10:00,11:30,32.0,True
2026-09-01 17:13:26,Smart Padel Berlin,2026-09-02,Court 1,10:00,11:30,32.0,True
2026-09-01 18:16:45,Padel Berlin Mitte,2026-09-01,Court 1,10:00,11:30,32.0,True
2026-09-01 18:16:45,Smart Padel Berlin,2026-09-01,Court 1,10:00,11:30,32.0,True
2026-09-01 18:16:45,Padel Berlin Mitte,2026-09-02,Court 1,10:00,11:30,32.0,True
2026-09-01 18:16:45,Smart Padel Berlin,2026-09-02,Court 1,10:00,11:30,32.0,True
2026-09-01 19:12:40,Padel Berlin Mitte,2026-09-01,Court 1,10:00,11:30,32.0,True
2026-09-01 19:12:40,Smart Padel Berlin,2026-09-01,Court 1,10:00,11:30,32.0,True
2026-09-01 19:12:40,Padel Berlin Mitte,2026-09-02,Court 1,10:00,11:30,32.0,True
2026-09-01 19:12:40,Smart Padel Berlin,2026-09-02,Court 1,10:00,11:30,32.0,True
2026-09-01 20:14:01,Padel Berlin Mitte,2026-09-01,Court 1,10:00,11:30,32.0,True
2026-09-01 20:14:01,Smart Padel Berlin,2026-09-01,Court 1,10:00,11:30,32.0,True
2026-09-01 20:14:01,Padel Berlin Mitte,2026-09-02,Court 1,10:00,11:30,32.0,True
2026-09-01 20:14:01,Smart Padel Berlin,2026-09-02,Court 1,10:00,11:30,32.0,True
2026-09-01 21:13:37,Padel Berlin Mitte,2026-09-01,Court 1,10:00,11:30,32.0,True
2026-09-01 21:13:37,Smart Padel Berlin,2026-09-01,Court 1,10:00,11:30,32.0,True
2026-09-01 21:13:37,Padel Berlin Mitte,2026-09-02,Court 1,10:00,11:30,32.0,True
2026-09-01 21:13:37,Smart Padel Berlin,2026-09-02,Court 1,10:00,11:30,32.0,True
2026-09-01 22:12:41,Padel Berlin Mitte,2026-09-01,Court 1,10:00,11:30,32.0,True
2026-09-01 22:12:41,Smart Padel Berlin,2026-09-01,Court 1,10:00,11:30,32.0,True
2026-09-01 22:12:41,Padel Berlin Mitte,2026-09-02,Court 1,10:00,11:30,32.0,True
2026-09-01 22:12:41,Smart Padel Berlin,2026-09-02,Court 1,10:00,11:30,32.0,True
2026-09-01 23:11:41,Padel Berlin Mitte,2026-09-01,Court 1,10:00,11:30,32.0,True
2026-09-01 23:11:41,Smart Padel Berlin,2026-09-01,Court 1,10:00,11:30,32.0,True
2026-09-01 23:11:41,Padel Berlin Mitte,2026-09-02,Court 1,10:00,11:30,32.0,True
2026-09-01 23:11:41,Smart Padel Berlin,2026-09-02,Court 1,10:00,11:30,32.0,True
2026-09-02 00:21:58,Padel Berlin Mitte,2026-09-02,Court 1,10:00,11:30,32.0,True
2026-09-02 00:21:58,Smart Padel Berlin,2026-09-02,Court 1,10:00,11:30,32.0,True
2026-09-02 00:21:58,Padel Berlin Mitte,2026-09-03,Court 1,10:00,11:30,32.0,True
2026-09-02 00:21:58,Smart Padel Berlin,2026-09-03,Court 1,10:00,11:30,32.0,True
2026-09-02 01:11:51,Padel Berlin Mitte,2026-09-02,Court 1,10:00,11:30,32.0,True
2026-09-02 01:11:51,Smart Padel Berlin,2026-09-02,Court 1,10:00,11:30,32.0,True
2026-09-02 01:11:51,Padel Berlin Mitte,2026-09-03,Court 1,10:00,11:30,32.0,True
2026-09-02 01:11:51,Smart Padel Berlin,2026-09-03,Court 1,10:00,11:30,32.0,True
2026-09-02 02:21:48,Padel Berlin Mitte,2026-09-02,Court 1,10:00,11:30,32.0,True
2026-09-02 02:21:48,Smart Padel Berlin,2026-09-02,Court 1,10:00,11:30,32.0,True
2026-09-02 02:21:48,Padel Berlin Mitte,2026-09-03,Court 1,10:00,11:30,32.0,True
2026-09-02 02:21:48,Smart Padel Berlin,2026-09-03,Court 1,10:00,11:30,32.0,True
2026-09-02 03:13:52,Padel Berlin Mitte,2026-09-02,Court 1,10:00,11:30,32.0,True
2026-09-02 03:13:52,Smart Padel Berlin,2026-09-02,Court 1,10:00,11:30,32.0,True
2026-09-02 03:13:52,Padel Berlin Mitte,2026-09-03,Court 1,10:00,11:30,32.0,True
2026-09-02 03:13:52,Smart Padel Berlin,2026-09-03,Court 1,10:00,11:30,32.0,True
2026-09-02 04:16:01,Padel Berlin Mitte,2026-09-02,Court 1,10:00,11:30,32.0,True
2026-09-02 04:16:01,Smart Padel Berlin,2026-09-02,Court 1,10:00,11:30,32.0,True
2026-09-02 04:16:01,Padel Berlin Mitte,2026-09-03,Court 1,10:00,11:30,32.0,True
2026-09-02 04:16:01,Smart Padel Berlin,2026-09-03,Court 1,10:00,11:30,32.0,True
2026-09-02 05:13:01,Padel Berlin Mitte,2026-09-02,Court 1,10:00,11:30,32.0,True
2026-09-02 05:13:01,Smart Padel Berlin,2026-09-02,Court 1,10:00,11:30,32.0,True
2026-09-02 05:13:01,Padel Berlin Mitte,2026-09-03,Court 1,10:00,11:30,32.0,True
2026-09-02 05:13:01,Smart Padel Berlin,2026-09-03,Court 1,10:00,11:30,32.0,True
2026-09-02 06:23:34,Padel Berlin Mitte,2026-09-02,Court 1,10:00,11:30,32.0,True
2026-09-02 06:23:34,Smart Padel Berlin,2026-09-02,Court 1,10:00,11:30,32.0,True
2026-09-02 06:23:34,Padel Berlin Mitte,2026-09-03,Court 1,10:00,11:30,32.0,True
2026-09-02 06:23:34,Smart Padel Berlin,2026-09-03,Court 1,10:00,11:30,32.0,True
2026-09-02 07:13:48,Padel Berlin Mitte,2026-09-02,Court 1,10:00,11:30,32.0,True
2026-09-02 07:13:48,Smart Padel Berlin,2026-09-02,Court 1,10:00,11:30,32.0,True
2026-09-02 07:13:48,Padel Berlin Mitte,2026-09-03,Court 1,10:00,11:30,32.0,True
2026-09-02 07:13:48,Smart Padel Berlin,2026-09-03,Court 1,10:00,11:30,32.0,True
2026-09-02 08:15:26,Padel Berlin Mitte,2026-09-02,Court 1,10:00,11:30,32.0,True
2026-09-02 08:15:26,Smart Padel Berlin,2026-09-02,Court 1,10:00,11:30,32.0,True
2026-09-02 08:15:26,Padel Berlin Mitte,2026-09-03,Court 1,10:00,11:30,32.0,True
2026-09-02 08:15:26,Smart Padel Berlin,2026-09-03,Court 1,10:00,11:30,32.0,True
2026-09-02 09:14:55,Padel Berlin Mitte,2026-09-02,Court 1,10:00,11:30,32.0,True
2026-09-02 09:14:55,Smart Padel Berlin,2026-09-02,Court 1,10:00,11:30,32.0,True
2026-09-02 09:14:55,Padel Berlin Mitte,2026-09-03,Court 1,10:00,11:30,32.0,True
2026-09-02 09:14:55,Smart Padel Berlin,2026-09-03,Court 1,10:00,11:30,32.0,True
2026-09-02 10:15:11,Padel Berlin Mitte,2026-09-02,Court 1,10:00,11:30,32.0,True
2026-09-02 10:15:11,Smart Padel Berlin,2026-09-02,Court 1,10:00,11:30,32.0,True
2026-09-02 10:15:11,Padel Berlin Mitte,2026-09-03,Court 1,10:00,11:30,32.0,True
2026-09-02 10:15:11,Smart Padel Berlin,2026-09-03,Court 1,10:00,11:30,32.0,True
2026-09-02 11:13:48,Padel Berlin Mitte,2026-09-02,Court 1,10:00,11:30,32.0,True
2026-09-02 11:13:48,Smart Padel Berlin,2026-09-02,Court 1,10:00,11:30,32.0,True
2026-09-02 11:13:48,Padel Berlin Mitte,2026-09-03,Court 1,10:00,11:30,32.0,True
2026-09-02 11:13:48,Smart Padel Berlin,2026-09-03,Court 1,10:00,11:30,32.0,True
2026-09-02 12:18:46,Padel Berlin Mitte,2026-09-02,Court 1,10:00,11:30,32.0,True
2026-09-02 12:18:46,Smart Padel Berlin,2026-09-02,Court 1,10:00,11:30,32.0,True
2026-09-02 12:18:46,Padel Berlin Mitte,2026-09-03,Court 1,10:00,11:30,32.0,True
2026-09-02 12:18:46,Smart Padel Berlin,2026-09-03,Court 1,10:00,11:30,32.0,True
2026-09-02 13:14:34,Padel Berlin Mitte,2026-09-02,Court 1,10:00,11:30,32.0,True
2026-09-02 13:14:34,Smart Padel Berlin,2026-09-02,Court 1,10:00,11:30,32.0,True
2026-09-02 13:14:34,Padel Berlin Mitte,2026-09-03,Court 1,10:00,11:30,32.0,True
2026-09-02 13:14:34,Smart Padel Berlin,2026-09-03,Court 1,10:00,11:30,32.0,True
2026-09-02 14:14:19,Padel Berlin Mitte,2026-09-02,Court 1,10:00,11:30,32.0,True
2026-09-02 14:14:19,Smart Padel Berlin,2026-09-02,Court 1,10:00,11:30,32.0,True
2026-09-02 14:14:19,Padel Berlin Mitte,2026-09-03,Court 1,10:00,11:30,32.0,True
2026-09-02 14:14:19,Smart Padel Berlin,2026-09-03,Court 1,10:00,11:30,32.0,True
2026-09-02 15:18:51,Padel Berlin Mitte,2026-09-02,Court 1,10:00,11:30,32.0,True
2026-09-02 15:18:51,Smart Padel Berlin,2026-09-02,Court 1,10:00,11:30,32.0,True
2026-09-02 15:18:51,Padel Berlin Mitte,2026-09-03,Court 1,10:00,11:30,32.0,True
2026-09-02 15:18:51,Smart Padel Berlin,2026-09-03,Court 1,10:00,11:30,32.0,True
2026-09-02 16:14:34,Padel Berlin Mitte,2026-09-02,Court 1,10:00,11:30,32.0,True
2026-09-02 16:14:34,Smart Padel Berlin,2026-09-02,Court 1,10:00,11:30,32.0,True
2026-09-02 16:14:34,Padel Berlin Mitte,2026-09-03,Court 1,10:00,11:30,32.0,True
2026-09-02 16:14:34,Smart Padel Berlin,2026-09-03,Court 1,10:00,11:30,32.0,True
2026-09-02 17:13:25,Padel Berlin Mitte,2026-09-02,Court 1,10:00,11:30,32.0,True
2026-09-02 17:13:25,Smart Padel Berlin,2026-09-02,Court 1,10:00,11:30,32.0,True
2026-09-02 17:13:25,Padel Berlin Mitte,2026-09-03,Court 1,10:00,11:30,32.0,True
2026-09-02 17:13:25,Smart Padel Berlin,2026-09-03,Court 1,10:00,11:30,32.0,True
2026-09-02 18:17:35,Padel Berlin Mitte,2026-09-02,Court 1,10:00,11:30,32.0,True
2026-09-02 18:17:35,Smart Padel Berlin,2026-09-02,Court 1,10:00,11:30,32.0,True
2026-09-02 18:17:35,Padel Berlin Mitte,2026-09-03,Court 1,10:00,11:30,32.0,True
2026-09-02 18:17:35,Smart Padel Berlin,2026-09-03,Court 1,10:00,11:30,32.0,True
2026-09-02 19:12:31,Padel Berlin Mitte,2026-09-02,Court 1,10:00,11:30,32.0,True
2026-09-02 19:12:31,Smart Padel Berlin,2026-09-02,Court 1,10:00,11:30,32.0,True
2026-09-02 19:12:31,Padel Berlin Mitte,2026-09-03,Court 1,10:00,11:30,32.0,True
2026-09-02 19:12:31,Smart Padel Berlin,2026-09-03,Court 1,10:00,11:30,32.0,True
2026-09-02 20:14:16,Padel Berlin Mitte,2026-09-02,Court 1,10:00,11:30,32.0,True
2026-09-02 20:14:16,Smart Padel Berlin,2026-09-02,Court 1,10:00,11:30,32.0,True
2026-09-02 20:14:16,Padel Berlin Mitte,2026-09-03,Court 1,10:00,11:30,32.0,True
2026-09-02 20:14:16,Smart Padel Berlin,2026-09-03,Court 1,10:00,11:30,32.0,True
2026-09-02 21:13:10,Padel Berlin Mitte,2026-09-02,Court 1,10:00,11:30,32.0,True
2026-09-02 21:13:10,Smart Padel Berlin,2026-09-02,Court 1,10:00,11:30,32.0,True
2026-09-02 21:13:10,Padel Berlin Mitte,2026-09-03,Court 1,10:00,11:30,32.0,True
2026-09-02 21:13:10,Smart Padel Berlin,2026-09-03,Court 1,10:00,11:30,32.0,True
2026-09-02 22:13:44,Padel Berlin Mitte,2026-09-02,Court 1,10:00,11:30,32.0,True
2026-09-02 22:13:44,Smart Padel Berlin,2026-09-02,Court 1,10:00,11:30,32.0,True
2026-09-02 22:13:44,Padel Berlin Mitte,2026-09-03,Court 1,10:00,11:30,32.0,True
2026-09-02 22:13:44,Smart Padel Berlin,2026-09-03,Court 1,10:00,11:30,32.0,True
2026-09-02 23:12:15,Padel Berlin Mitte,2026-09-02,Court 1,10:00,11:30,32.0,True
2026-09-02 23:12:15,Smart Padel Berlin,2026-09-02,Court 1,10:00,11:30,32.0,True
2026-09-02 23:12:15,Padel Berlin Mitte,2026-09-03,Court 1,10:00,11:30,32.0,True
2026-09-02 23:12:15,Smart Padel Berlin,2026-09-03,Court 1,10:00,11:30,32.0,True
2026-09-03 00:23:07,Padel Berlin Mitte,2026-09-03,Court 1,10:00,11:30,32.0,True
2026-09-03 00:23:07,Smart Padel Berlin,2026-09-03,Court 1,10:00,11:30,32.0,True
2026-09-03 00:23:07,Padel Berlin Mitte,2026-09-04,Court 1,10:00,11:30,32.0,True
2026-09-03 00:23:07,Smart Padel Berlin,2026-09-04,Court 1,10:00,11:30,32.0,True
2026-09-03 01:12:18,Padel Berlin Mitte,2026-09-03,Court 1,10:00,11:30,32.0,True
2026-09-03 01:12:18,Smart Padel Berlin,2026-09-03,Court 1,10:00,11:30,32.0,True
2026-09-03 01:12:18,Padel Berlin Mitte,2026-09-04,Court 1,10:00,11:30,32.0,True
2026-09-03 01:12:18,Smart Padel Berlin,2026-09-04,Court 1,10:00,11:30,32.0,True
2026-09-03 02:17:48,Padel Berlin Mitte,2026-09-03,Court 1,10:00,11:30,32.0,True
2026-09-03 02:17:48,Smart Padel Berlin,2026-09-03,Court 1,10:00,11:30,32.0,True
2026-09-03 02:17:48,Padel Berlin Mitte,2026-09-04,Court 1,10:00,11:30,32.0,True
2026-09-03 02:17:48,Smart Padel Berlin,2026-09-04,Court 1,10:00,11:30,32.0,True
2026-09-03 05:26:42,Padel Berlin Mitte,2026-09-03,Court 1,10:00,11:30,32.0,True
2026-09-03 05:26:42,Smart Padel Berlin,2026-09-03,Court 1,10:00,11:30,32.0,True
2026-09-03 05:26:42,Padel Berlin Mitte,2026-09-04,Court 1,10:00,11:30,32.0,True
2026-09-03 05:26:42,Smart Padel Berlin,2026-09-04,Court 1,10:00,11:30,32.0,True
2026-09-03 06:19:42,Padel Berlin Mitte,2026-09-03,Court 1,10:00,11:30,32.0,True
2026-09-03 06:19:42,Smart Padel Berlin,2026-09-03,Court 1,10:00,11:30,32.0,True
2026-09-03 06:19:42,Padel Berlin Mitte,2026-09-04,Court 1,10:00,11:30,32.0,True
2026-09-03 06:19:42,Smart Padel Berlin,2026-09-04,Court 1,10:00,11:30,32.0,True
2026-09-03 07:14:43,Padel Berlin Mitte,2026-09-03,Court 1,10:00,11:30,32.0,True
2026-09-03 07:14:43,Smart Padel Berlin,2026-09-03,Court 1,10:00,11:30,32.0,True
2026-09-03 07:14:43,Padel Berlin Mitte,2026-09-04,Court 1,10:00,11:30,32.0,True
2026-09-03 07:14:43,Smart Padel Berlin,2026-09-04,Court 1,10:00,11:30,32.0,True
2026-09-03 08:15:52,Padel Berlin Mitte,2026-09-03,Court 1,10:00,11:30,32.0,True
2026-09-03 08:15:52,Smart Padel Berlin,2026-09-03,Court 1,10:00,11:30,32.0,True
2026-09-03 08:15:52,Padel Berlin Mitte,2026-09-04,Court 1,10:00,11:30,32.0,True
2026-09-03 08:15:52,Smart Padel Berlin,2026-09-04,Court 1,10:00,11:30,32.0,True
2026-09-03 09:15:05,Padel Berlin Mitte,2026-09-03,Court 1,10:00,11:30,32.0,True
2026-09-03 09:15:05,Smart Padel Berlin,2026-09-03,Court 1,10:00,11:30,32.0,True
2026-09-03 09:15:05,Padel Berlin Mitte,2026-09-04,Court 1,10:00,11:30,32.0,True
2026-09-03 09:15:05,Smart Padel Berlin,2026-09-04,Court 1,10:00,11:30,32.0,True
2026-09-03 10:15:27,Padel Berlin Mitte,2026-09-03,Court 1,10:00,11:30,32.0,True
2026-09-03 10:15:27,Smart Padel Berlin,2026-09-03,Court 1,10:00,11:30,32.0,True
2026-09-03 10:15:27,Padel Berlin Mitte,2026-09-04,Court 1,10:00,11:30,32.0,True
2026-09-03 10:15:27,Smart Padel Berlin,2026-09-04,Court 1,10:00,11:30,32.0,True
2026-09-03 11:13:11,Padel Berlin Mitte,2026-09-03,Court 1,10:00,11:30,32.0,True
2026-09-03 11:13:11,Smart Padel Berlin,2026-09-03,Court 1,10:00,11:30,32.0,True
2026-09-03 11:13:11,Padel Berlin Mitte,2026-09-04,Court 1,10:00,11:30,32.0,True
2026-09-03 11:13:11,Smart Padel Berlin,2026-09-04,Court 1,10:00,11:30,32.0,True
2026-09-03 12:19:32,Padel Berlin Mitte,2026-09-03,Court 1,10:00,11:30,32.0,True
2026-09-03 12:19:32,Smart Padel Berlin,2026-09-03,Court 1,10:00,11:30,32.0,True
2026-09-03 12:19:32,Padel Berlin Mitte,2026-09-04,Court 1,10:00,11:30,32.0,True
2026-09-03 12:19:32,Smart Padel Berlin,2026-09-04,Court 1,10:00,11:30,32.0,True
2026-09-03 13:14:58,Padel Berlin Mitte,2026-09-03,Court 1,10:00,11:30,32.0,True
2026-09-03 13:14:58,Smart Padel Berlin,2026-09-03,Court 1,10:00,11:30,32.0,True
2026-09-03 13:14:58,Padel Berlin Mitte,2026-09-04,Court 1,10:00,11:30,32.0,True
2026-09-03 13:14:58,Smart Padel Berlin,2026-09-04,Court 1,10:00,11:30,32.0,True
2026-09-03 14:15:24,Padel Berlin Mitte,2026-09-03,Court 1,10:00,11:30,32.0,True
2026-09-03 14:15:24,Smart Padel Berlin,2026-09-03,Court 1,10:00,11:30,32.0,True
2026-09-03 14:15:24,Padel Berlin Mitte,2026-09-04,Court 1,10:00,11:30,32.0,True
2026-09-03 14:15:24,Smart Padel Berlin,2026-09-04,Court 1,10:00,11:30,32.0,True
2026-09-03 15:17:03,Padel Berlin Mitte,2026-09-03,Court 1,10:00,11:30,32.0,True
2026-09-03 15:17:03,Smart Padel Berlin,2026-09-03,Court 1,10:00,11:30,32.0,True
2026-09-03 15:17:03,Padel Berlin Mitte,2026-09-04,Court 1,10:00,11:30,32.0,True
2026-09-03 15:17:03,Smart Padel Berlin,2026-09-04,Court 1,10:00,11:30,32.0,True
2026-09-03 16:15:37,Padel Berlin Mitte,2026-09-03,Court 1,10:00,11:30,32.0,True
2026-09-03 16:15:37,Smart Padel Berlin,2026-09-03,Court 1,10:00,11:30,32.0,True
2026-09-03 16:15:37,Padel Berlin Mitte,2026-09-04,Court 1,10:00,11:30,32.0,True
2026-09-03 16:15:37,Smart Padel Berlin,2026-09-04,Court 1,10:00,11:30,32.0,True
2026-09-03 17:13:18,Padel Berlin Mitte,2026-09-03,Court 1,10:00,11:30,32.0,True
2026-09-03 17:13:18,Smart Padel Berlin,2026-09-03,Court 1,10:00,11:30,32.0,True
2026-09-03 17:13:18,Padel Berlin Mitte,2026-09-04,Court 1,10:00,11:30,32.0,True
2026-09-03 17:13:18,Smart Padel Berlin,2026-09-04,Court 1,10:00,11:30,32.0,True
2026-09-03 18:16:44,Padel Berlin Mitte,2026-09-03,Court 1,10:00,11:30,32.0,True
2026-09-03 18:16:44,Smart Padel Berlin,2026-09-03,Court 1,10:00,11:30,32.0,True
2026-09-03 18:16:44,Padel Berlin Mitte,2026-09-04,Court 1,10:00,11:30,32.0,True
2026-09-03 18:16:44,Smart Padel Berlin,2026-09-04,Court 1,10:00,11:30,32.0,True
2026-09-03 19:11:43,Padel Berlin Mitte,2026-09-03,Court 1,10:00,11:30,32.0,True
2026-09-03 19:11:43,Smart Padel Berlin,2026-09-03,Court 1,10:00,11:30,32.0,True
2026-09-03 19:11:43,Padel Berlin Mitte,2026-09-04,Court 1,10:00,11:30,32.0,True
2026-09-03 19:11:43,Smart Padel Berlin,2026-09-04,Court 1,10:00,11:30,32.0,True
2026-09-03 20:13:26,Padel Berlin Mitte,2026-09-03,Court 1,10:00,11:30,32.0,True
2026-09-03 20:13:26,Smart Padel Berlin,2026-09-03,Court 1,10:00,11:30,32.0,True
2026-09-03 20:13:26,Padel Berlin Mitte,2026-09-04,Court 1,10:00,11:30,32.0,True
2026-09-03 20:13:26,Smart Padel Berlin,2026-09-04,Court 1,10:00,11:30,32.0,True
2026-09-03 21:13:52,Padel Berlin Mitte,2026-09-03,Court 1,10:00,11:30,32.0,True
2026-09-03 21:13:52,Smart Padel Berlin,2026-09-03,Court 1,10:00,11:30,32.0,True
2026-09-03 21:13:52,Padel Berlin Mitte,2026-09-04,Court 1,10:00,11:30,32.0,True
2026-09-03 21:13:52,Smart Padel Berlin,2026-09-04,Court 1,10:00,11:30,32.0,True
2026-09-03 22:13:39,Padel Berlin Mitte,2026-09-03,Court 1,10:00,11:30,32.0,True
2026-09-03 22:13:39,Smart Padel Berlin,2026-09-03,Court 1,10:00,11:30,32.0,True
2026-09-03 22:13:39,Padel Berlin Mitte,2026-09-04,Court 1,10:00,11:30,32.0,True
2026-09-03 22:13:39,Smart Padel Berlin,2026-09-04,Court 1,10:00,11:30,32.0,True
2026-09-03 23:12:13,Padel Berlin Mitte,2026-09-03,Court 1,10:00,11:30,32.0,True
2026-09-03 23:12:13,Smart Padel Berlin,2026-09-03,Court 1,10:00,11:30,32.0,True
2026-09-03 23:12:13,Padel Berlin Mitte,2026-09-04,Court 1,10:00,11:30,32.0,True
2026-09-03 23:12:13,Smart Padel Berlin,2026-09-04,Court 1,10:00,11:30,32.0,True
2026-09-04 00:20:42,Padel Berlin Mitte,2026-09-04,Court 1,10:00,11:30,32.0,True
2026-09-04 00:20:42,Smart Padel Berlin,2026-09-04,Court 1,10:00,11:30,32.0,True
2026-09-04 00:20:42,Padel Berlin Mitte,2026-09-05,Court 1,10:00,11:30,32.0,True
2026-09-04 00:20:42,Smart Padel Berlin,2026-09-05,Court 1,10:00,11:30,32.0,True
2026-09-04 01:11:14,Padel Berlin Mitte,2026-09-04,Court 1,10:00,11:30,32.0,True
2026-09-04 01:11:14,Smart Padel Berlin,2026-09-04,Court 1,10:00,11:30,32.0,True
2026-09-04 01:11:14,Padel Berlin Mitte,2026-09-05,Court 1,10:00,11:30,32.0,True
2026-09-04 01:11:14,Smart Padel Berlin,2026-09-05,Court 1,10:00,11:30,32.0,True
2026-09-04 02:13:51,Padel Berlin Mitte,2026-09-04,Court 1,10:00,11:30,32.0,True
2026-09-04 02:13:51,Smart Padel Berlin,2026-09-04,Court 1,10:00,11:30,32.0,True
2026-09-04 02:13:51,Padel Berlin Mitte,2026-09-05,Court 1,10:00,11:30,32.0,True
2026-09-04 02:13:51,Smart Padel Berlin,2026-09-05,Court 1,10:00,11:30,32.0,True
2026-09-04 03:13:48,Padel Berlin Mitte,2026-09-04,Court 1,10:00,11:30,32.0,True
2026-09-04 03:13:48,Smart Padel Berlin,2026-09-04,Court 1,10:00,11:30,32.0,True
2026-09-04 03:13:48,Padel Berlin Mitte,2026-09-05,Court 1,10:00,11:30,32.0,True
2026-09-04 03:13:48,Smart Padel Berlin,2026-09-05,Court 1,10:00,11:30,32.0,True
2026-09-04 04:14:14,Padel Berlin Mitte,2026-09-04,Court 1,10:00,11:30,32.0,True
2026-09-04 04:14:14,Smart Padel Berlin,2026-09-04,Court 1,10:00,11:30,32.0,True
2026-09-04 04:14:14,Padel Berlin Mitte,2026-09-05,Court 1,10:00,11:30,32.0,True
2026-09-04 04:14:14,Smart Padel Berlin,2026-09-05,Court 1,10:00,11:30,32.0,True
2026-09-04 05:13:17,Padel Berlin Mitte,2026-09-04,Court 1,10:00,11:30,32.0,True
2026-09-04 05:13:17,Smart Padel Berlin,2026-09-04,Court 1,10:00,11:30,32.0,True
2026-09-04 05:13:17,Padel Berlin Mitte,2026-09-05,Court 1,10:00,11:30,32.0,True
2026-09-04 05:13:17,Smart Padel Berlin,2026-09-05,Court 1,10:00,11:30,32.0,True
2026-09-04 06:18:06,Padel Berlin Mitte,2026-09-04,Court 1,10:00,11:30,32.0,True
2026-09-04 06:18:06,Smart Padel Berlin,2026-09-04,Court 1,10:00,11:30,32.0,True
2026-09-04 06:18:06,Padel Berlin Mitte,2026-09-05,Court 1,10:00,11:30,32.0,True
2026-09-04 06:18:06,Smart Padel Berlin,2026-09-05,Court 1,10:00,11:30,32.0,True
2026-09-04 07:14:04,Padel Berlin Mitte,2026-09-04,Court 1,10:00,11:30,32.0,True
2026-09-04 07:14:04,Smart Padel Berlin,2026-09-04,Court 1,10:00,11:30,32.0,True
2026-09-04 07:14:04,Padel Berlin Mitte,2026-09-05,Court 1,10:00,11:30,32.0,True
2026-09-04 07:14:04,Smart Padel Berlin,2026-09-05,Court 1,10:00,11:30,32.0,True
2026-09-04 08:15:36,Padel Berlin Mitte,2026-09-04,Court 1,10:00,11:30,32.0,True
2026-09-04 08:15:36,Smart Padel Berlin,2026-09-04,Court 1,10:00,11:30,32.0,True
2026-09-04 08:15:36,Padel Berlin Mitte,2026-09-05,Court 1,10:00,11:30,32.0,True
2026-09-04 08:15:36,Smart Padel Berlin,2026-09-05,Court 1,10:00,11:30,32.0,True
2026-09-04 09:14:39,Padel Berlin Mitte,2026-09-04,Court 1,10:00,11:30,32.0,True
2026-09-04 09:14:39,Smart Padel Berlin,2026-09-04,Court 1,10:00,11:30,32.0,True
2026-09-04 09:14:39,Padel Berlin Mitte,2026-09-05,Court 1,10:00,11:30,32.0,True
2026-09-04 09:14:39,Smart Padel Berlin,2026-09-05,Court 1,10:00,11:30,32.0,True
2026-09-04 10:14:50,Padel Berlin Mitte,2026-09-04,Court 1,10:00,11:30,32.0,True
2026-09-04 10:14:50,Smart Padel Berlin,2026-09-04,Court 1,10:00,11:30,32.0,True
2026-09-04 10:14:50,Padel Berlin Mitte,2026-09-05,Court 1,10:00,11:30,32.0,True
2026-09-04 10:14:50,Smart Padel Berlin,2026-09-05,Court 1,10:00,11:30,32.0,True
2026-09-04 11:13:13,Padel Berlin Mitte,2026-09-04,Court 1,10:00,11:30,32.0,True
2026-09-04 11:13:13,Smart Padel Berlin,2026-09-04,Court 1,10:00,11:30,32.0,True
2026-09-04 11:13:13,Padel Berlin Mitte,2026-09-05,Court 1,10:00,11:30,32.0,True
2026-09-04 11:13:13,Smart Padel Berlin,2026-09-05,Court 1,10:00,11:30,32.0,True
2026-09-04 12:18:25,Padel Berlin Mitte,2026-09-04,Court 1,10:00,11:30,32.0,True
2026-09-04 12:18:25,Smart Padel Berlin,2026-09-04,Court 1,10:00,11:30,32.0,True
2026-09-04 12:18:25,Padel Berlin Mitte,2026-09-05,Court 1,10:00,11:30,32.0,True
2026-09-04 12:18:25,Smart Padel Berlin,2026-09-05,Court 1,10:00,11:30,32.0,True
2026-09-04 13:14:07,Padel Berlin Mitte,2026-09-04,Court 1,10:00,11:30,32.0,True
2026-09-04 13:14:07,Smart Padel Berlin,2026-09-04,Court 1,10:00,11:30,32.0,True
2026-09-04 13:14:07,Padel Berlin Mitte,2026-09-05,Court 1,10:00,11:30,32.0,True
2026-09-04 13:14:07,Smart Padel Berlin,2026-09-05,Court 1,10:00,11:30,32.0,True
2026-09-04 14:13:40,Padel Berlin Mitte,2026-09-04,Court 1,10:00,11:30,32.0,True
2026-09-04 14:13:40,Smart Padel Berlin,2026-09-04,Court 1,10:00,11:30,32.0,True
2026-09-04 14:13:40,Padel Berlin Mitte,2026-09-05,Court 1,10:00,11:30,32.0,True
2026-09-04 14:13:40,Smart Padel Berlin,2026-09-05,Court 1,10:00,11:30,32.0,True
2026-09-04 15:14:00,Padel Berlin Mitte,2026-09-04,Court 1,10:00,11:30,32.0,True
2026-09-04 15:14:00,Smart Padel Berlin,2026-09-04,Court 1,10:00,11:30,32.0,True
2026-09-04 15:14:00,Padel Berlin Mitte,2026-09-05,Court 1,10:00,11:30,32.0,True
2026-09-04 15:14:00,Smart Padel Berlin,2026-09-05,Court 1,10:00,11:30,32.0,True
2026-09-04 16:14:38,Padel Berlin Mitte,2026-09-04,Court 1,10:00,11:30,32.0,True
2026-09-04 16:14:38,Smart Padel Berlin,2026-09-04,Court 1,10:00,11:30,32.0,True
2026-09-04 16:14:38,Padel Berlin Mitte,2026-09-05,Court 1,10:00,11:30,32.0,True
2026-09-04 16:14:38,Smart Padel Berlin,2026-09-05,Court 1,10:00,11:30,32.0,True
2026-09-04 17:13:06,Padel Berlin Mitte,2026-09-04,Court 1,10:00,11:30,32.0,True
2026-09-04 17:13:06,Smart Padel Berlin,2026-09-04,Court 1,10:00,11:30,32.0,True
2026-09-04 17:13:06,Padel Berlin Mitte,2026-09-05,Court 1,10:00,11:30,32.0,True
2026-09-04 17:13:06,Smart Padel Berlin,2026-09-05,Court 1,10:00,11:30,32.0,True
2026-09-04 18:15:59,Padel Berlin Mitte,2026-09-04,Court 1,10:00,11:30,32.0,True
2026-09-04 18:15:59,Smart Padel Berlin,2026-09-04,Court 1,10:00,11:30,32.0,True
2026-09-04 18:15:59,Padel Berlin Mitte,2026-09-05,Court 1,10:00,11:30,32.0,True
2026-09-04 18:15:59,Smart Padel Berlin,2026-09-05,Court 1,10:00,11:30,32.0,True
2026-09-04 19:11:09,Padel Berlin Mitte,2026-09-04,Court 1,10:00,11:30,32.0,True
2026-09-04 19:11:09,Smart Padel Berlin,2026-09-04,Court 1,10:00,11:30,32.0,True
2026-09-04 19:11:09,Padel Berlin Mitte,2026-09-05,Court 1,10:00,11:30,32.0,True
2026-09-04 19:11:09,Smart Padel Berlin,2026-09-05,Court 1,10:00,11:30,32.0,True
2026-09-04 20:13:42,Padel Berlin Mitte,2026-09-04,Court 1,10:00,11:30,32.0,True
2026-09-04 20:13:42,Smart Padel Berlin,2026-09-04,Court 1,10:00,11:30,32.0,True
2026-09-04 20:13:42,Padel Berlin Mitte,2026-09-05,Court 1,10:00,11:30,32.0,True
2026-09-04 20:13:42,Smart Padel Berlin,2026-09-05,Court 1,10:00,11:30,32.0,True
2026-09-04 21:12:53,Padel Berlin Mitte,2026-09-04,Court 1,10:00,11:30,32.0,True
2026-09-04 21:12:53,Smart Padel Berlin,2026-09-04,Court 1,10:00,11:30,32.0,True
2026-09-04 21:12:53,Padel Berlin Mitte,2026-09-05,Court 1,10:00,11:30,32.0,True
2026-09-04 21:12:53,Smart Padel Berlin,2026-09-05,Court 1,10:00,11:30,32.0,True
2026-09-04 22:13:25,Padel Berlin Mitte,2026-09-04,Court 1,10:00,11:30,32.0,True
2026-09-04 22:13:25,Smart Padel Berlin,2026-09-04,Court 1,10:00,11:30,32.0,True
2026-09-04 22:13:25,Padel Berlin Mitte,2026-09-05,Court 1,10:00,11:30,32.0,True
2026-09-04 22:13:25,Smart Padel Berlin,2026-09-05,Court 1,10:00,11:30,32.0,True
2026-09-04 23:12:27,Padel Berlin Mitte,2026-09-04,Court 1,10:00,11:30,32.0,True
2026-09-04 23:12:27,Smart Padel Berlin,2026-09-04,Court 1,10:00,11:30,32.0,True
2026-09-04 23:12:27,Padel Berlin Mitte,2026-09-05,Court 1,10:00,11:30,32.0,True
2026-09-04 23:12:27,Smart Padel Berlin,2026-09-05,Court 1,10:00,11:30,32.0,True
2026-09-05 00:22:08,Padel Berlin Mitte,2026-09-05,Court 1,10:00,11:30,32.0,True
2026-09-05 00:22:08,Smart Padel Berlin,2026-09-05,Court 1,10:00,11:30,32.0,True
2026-09-05 00:22:08,Padel Berlin Mitte,2026-09-06,Court 1,10:00,11:30,32.0,True
2026-09-05 00:22:08,Smart Padel Berlin,2026-09-06,Court 1,10:00,11:30,32.0,True
2026-09-05 01:11:45,Padel Berlin Mitte,2026-09-05,Court 1,10:00,11:30,32.0,True
2026-09-05 01:11:45,Smart Padel Berlin,2026-09-05,Court 1,10:00,11:30,32.0,True
2026-09-05 01:11:45,Padel Berlin Mitte,2026-09-06,Court 1,10:00,11:30,32.0,True
2026-09-05 01:11:45,Smart Padel Berlin,2026-09-06,Court 1,10:00,11:30,32.0,True
2026-09-05 02:13:39,Padel Berlin Mitte,2026-09-05,Court 1,10:00,11:30,32.0,True
2026-09-05 02:13:39,Smart Padel Berlin,2026-09-05,Court 1,10:00,11:30,32.0,True
2026-09-05 02:13:39,Padel Berlin Mitte,2026-09-06,Court 1,10:00,11:30,32.0,True
2026-09-05 02:13:39,Smart Padel Berlin,2026-09-06,Court 1,10:00,11:30,32.0,True
2026-09-05 03:13:38,Padel Berlin Mitte,2026-09-05,Court 1,10:00,11:30,32.0,True
2026-09-05 03:13:38,Smart Padel Berlin,2026-09-05,Court 1,10:00,11:30,32.0,True
2026-09-05 03:13:38,Padel Berlin Mitte,2026-09-06,Court 1,10:00,11:30,32.0,True
2026-09-05 03:13:38,Smart Padel Berlin,2026-09-06,Court 1,10:00,11:30,32.0,True
2026-09-05 04:13:36,Padel Berlin Mitte,2026-09-05,Court 1,10:00,11:30,32.0,True
2026-09-05 04:13:36,Smart Padel Berlin,2026-09-05,Court 1,10:00,11:30,32.0,True
2026-09-05 04:13:36,Padel Berlin Mitte,2026-09-06,Court 1,10:00,11:30,32.0,True
2026-09-05 04:13:36,Smart Padel Berlin,2026-09-06,Court 1,10:00,11:30,32.0,True
2026-09-05 05:12:45,Padel Berlin Mitte,2026-09-05,Court 1,10:00,11:30,32.0,True
2026-09-05 05:12:45,Smart Padel Berlin,2026-09-05,Court 1,10:00,11:30,32.0,True
2026-09-05 05:12:45,Padel Berlin Mitte,2026-09-06,Court 1,10:00,11:30,32.0,True
2026-09-05 05:12:45,Smart Padel Berlin,2026-09-06,Court 1,10:00,11:30,32.0,True
2026-09-05 06:17:05,Padel Berlin Mitte,2026-09-05,Court 1,10:00,11:30,32.0,True
2026-09-05 06:17:05,Smart Padel Berlin,2026-09-05,Court 1,10:00,11:30,32.0,True
2026-09-05 06:17:05,Padel Berlin Mitte,2026-09-06,Court 1,10:00,11:30,32.0,True
2026-09-05 06:17:05,Smart Padel Berlin,2026-09-06,Court 1,10:00,11:30,32.0,True
2026-09-05 07:12:14,Padel Berlin Mitte,2026-09-05,Court 1,10:00,11:30,32.0,True
2026-09-05 07:12:14,Smart Padel Berlin,2026-09-05,Court 1,10:00,11:30,32.0,True
2026-09-05 07:12:14,Padel Berlin Mitte,2026-09-06,Court 1,10:00,11:30,32.0,True
2026-09-05 07:12:14,Smart Padel Berlin,2026-09-06,Court 1,10:00,11:30,32.0,True
2026-09-05 08:14:10,Padel Berlin Mitte,2026-09-05,Court 1,10:00,11:30,32.0,True
2026-09-05 08:14:10,Smart Padel Berlin,2026-09-05,Court 1,10:00,11:30,32.0,True
2026-09-05 08:14:10,Padel Berlin Mitte,2026-09-06,Court 1,10:00,11:30,32.0,True
2026-09-05 08:14:10,Smart Padel Berlin,2026-09-06,Court 1,10:00,11:30,32.0,True
2026-09-05 09:13:08,Padel Berlin Mitte,2026-09-05,Court 1,10:00,11:30,32.0,True
2026-09-05 09:13:08,Smart Padel Berlin,2026-09-05,Court 1,10:00,11:30,32.0,True
2026-09-05 09:13:08,Padel Berlin Mitte,2026-09-06,Court 1,10:00,11:30,32.0,True
2026-09-05 09:13:08,Smart Padel Berlin,2026-09-06,Court 1,10:00,11:30,32.0,True
2026-09-05 10:12:53,Padel Berlin Mitte,2026-09-05,Court 1,10:00,11:30,32.0,True
2026-09-05 10:12:53,Smart Padel Berlin,2026-09-05,Court 1,10:00,11:30,32.0,True
2026-09-05 10:12:53,Padel Berlin Mitte,2026-09-06,Court 1,10:00,11:30,32.0,True
2026-09-05 10:12:53,Smart Padel Berlin,2026-09-06,Court 1,10:00,11:30,32.0,True
2026-09-05 11:12:00,Padel Berlin Mitte,2026-09-05,Court 1,10:00,11:30,32.0,True
2026-09-05 11:12:00,Smart Padel Berlin,2026-09-05,Court 1,10:00,11:30,32.0,True
2026-09-05 11:12:00,Padel Berlin Mitte,2026-09-06,Court 1,10:00,11:30,32.0,True
2026-09-05 11:12:00,Smart Padel Berlin,2026-09-06,Court 1,10:00,11:30,32.0,True
2026-09-05 12:16:36,Padel Berlin Mitte,2026-09-05,Court 1,10:00,11:30,32.0,True
2026-09-05 12:16:36,Smart Padel Berlin,2026-09-05,Court 1,10:00,11:30,32.0,True
2026-09-05 12:16:36,Padel Berlin Mitte,2026-09-06,Court 1,10:00,11:30,32.0,True
2026-09-05 12:16:36,Smart Padel Berlin,2026-09-06,Court 1,10:00,11:30,32.0,True
2026-09-05 13:12:41,Padel Berlin Mitte,2026-09-05,Court 1,10:00,11:30,32.0,True
2026-09-05 13:12:41,Smart Padel Berlin,2026-09-05,Court 1,10:00,11:30,32.0,True
2026-09-05 13:12:41,Padel Berlin Mitte,2026-09-06,Court 1,10:00,11:30,32.0,True
2026-09-05 13:12:41,Smart Padel Berlin,2026-09-06,Court 1,10:00,11:30,32.0,True
2026-09-05 14:12:30,Padel Berlin Mitte,2026-09-05,Court 1,10:00,11:30,32.0,True
2026-09-05 14:12:30,Smart Padel Berlin,2026-09-05,Court 1,10:00,11:30,32.0,True
2026-09-05 14:12:30,Padel Berlin Mitte,2026-09-06,Court 1,10:00,11:30,32.0,True
2026-09-05 14:12:30,Smart Padel Berlin,2026-09-06,Court 1,10:00,11:30,32.0,True
2026-09-05 15:12:48,Padel Berlin Mitte,2026-09-05,Court 1,10:00,11:30,32.0,True
2026-09-05 15:12:48,Smart Padel Berlin,2026-09-05,Court 1,10:00,11:30,32.0,True
2026-09-05 15:12:48,Padel Berlin Mitte,2026-09-06,Court 1,10:00,11:30,32.0,True
2026-09-05 15:12:48,Smart Padel Berlin,2026-09-06,Court 1,10:00,11:30,32.0,True
2026-09-05 16:13:41,Padel Berlin Mitte,2026-09-05,Court 1,10:00,11:30,32.0,True
2026-09-05 16:13:41,Smart Padel Berlin,2026-09-05,Court 1,10:00,11:30,32.0,True
2026-09-05 16:13:41,Padel Berlin Mitte,2026-09-06,Court 1,10:00,11:30,32.0,True
2026-09-05 16:13:41,Smart Padel Berlin,2026-09-06,Court 1,10:00,11:30,32.0,True
2026-09-05 17:12:13,Padel Berlin Mitte,2026-09-05,Court 1,10:00,11:30,32.0,True
2026-09-05 17:12:13,Smart Padel Berlin,2026-09-05,Court 1,10:00,11:30,32.0,True
2026-09-05 17:12:13,Padel Berlin Mitte,2026-09-06,Court 1,10:00,11:30,32.0,True
2026-09-05 17:12:13,Smart Padel Berlin,2026-09-06,Court 1,10:00,11:30,32.0,True
2026-09-05 18:14:53,Padel Berlin Mitte,2026-09-05,Court 1,10:00,11:30,32.0,True
2026-09-05 18:14:53,Smart Padel Berlin,2026-09-05,Court 1,10:00,11:30,32.0,True
2026-09-05 18:14:53,Padel Berlin Mitte,2026-09-06,Court 1,10:00,11:30,32.0,True
2026-09-05 18:14:53,Smart Padel Berlin,2026-09-06,Court 1,10:00,11:30,32.0,True
2026-09-05 19:11:40,Padel Berlin Mitte,2026-09-05,Court 1,10:00,11:30,32.0,True
2026-09-05 19:11:40,Smart Padel Berlin,2026-09-05,Court 1,10:00,11:30,32.0,True
2026-09-05 19:11:40,Padel Berlin Mitte,2026-09-06,Court 1,10:00,11:30,32.0,True
2026-09-05 19:11:40,Smart Padel Berlin,2026-09-06,Court 1,10:00,11:30,32.0,True
2026-09-05 20:13:39,Padel Berlin Mitte,2026-09-05,Court 1,10:00,11:30,32.0,True
2026-09-05 20:13:39,Smart Padel Berlin,2026-09-05,Court 1,10:00,11:30,32.0,True
2026-09-05 20:13:39,Padel Berlin Mitte,2026-09-06,Court 1,10:00,11:30,32.0,True
2026-09-05 20:13:39,Smart Padel Berlin,2026-09-06,Court 1,10:00,11:30,32.0,True
2026-09-05 21:12:32,Padel Berlin Mitte,2026-09-05,Court 1,10:00,11:30,32.0,True
2026-09-05 21:12:32,Smart Padel Berlin,2026-09-05,Court 1,10:00,11:30,32.0,True
2026-09-05 21:12:32,Padel Berlin Mitte,2026-09-06,Court 1,10:00,11:30,32.0,True
2026-09-05 21:12:32,Smart Padel Berlin,2026-09-06,Court 1,10:00,11:30,32.0,True
2026-09-05 22:12:47,Padel Berlin Mitte,2026-09-05,Court 1,10:00,11:30,32.0,True
2026-09-05 22:12:47,Smart Padel Berlin,2026-09-05,Court 1,10:00,11:30,32.0,True
2026-09-05 22:12:47,Padel Berlin Mitte,2026-09-06,Court 1,10:00,11:30,32.0,True
2026-09-05 22:12:47,Smart Padel Berlin,2026-09-06,Court 1,10:00,11:30,32.0,True
2026-09-05 23:12:13,Padel Berlin Mitte,2026-09-05,Court 1,10:00,11:30,32.0,True
2026-09-05 23:12:13,Smart Padel Berlin,2026-09-05,Court 1,10:00,11:30,32.0,True
2026-09-05 23:12:13,Padel Berlin Mitte,2026-09-06,Court 1,10:00,11:30,32.0,True
2026-09-05 23:12:13,Smart Padel Berlin,2026-09-06,Court 1,10:00,11:30,32.0,True
2026-09-06 00:24:14,Padel Berlin Mitte,2026-09-06,Court 1,10:00,11:30,32.0,True
2026-09-06 00:24:14,Smart Padel Berlin,2026-09-06,Court 1,10:00,11:30,32.0,True
2026-09-06 00:24:14,Padel Berlin Mitte,2026-09-07,Court 1,10:00,11:30,32.0,True
2026-09-06 00:24:14,Smart Padel Berlin,2026-09-07,Court 1,10:00,11:30,32.0,True
2026-09-06 01:12:03,Padel Berlin Mitte,2026-09-06,Court 1,10:00,11:30,32.0,True
2026-09-06 01:12:03,Smart Padel Berlin,2026-09-06,Court 1,10:00,11:30,32.0,True
2026-09-06 01:12:03,Padel Berlin Mitte,2026-09-07,Court 1,10:00,11:30,32.0,True
2026-09-06 01:12:03,Smart Padel Berlin,2026-09-07,Court 1,10:00,11:30,32.0,True
2026-09-06 02:13:41,Padel Berlin Mitte,2026-09-06,Court 1,10:00,11:30,32.0,True
2026-09-06 02:13:41,Smart Padel Berlin,2026-09-06,Court 1,10:00,11:30,32.0,True
2026-09-06 02:13:41,Padel Berlin Mitte,2026-09-07,Court 1,10:00,11:30,32.0,True
2026-09-06 02:13:41,Smart Padel Berlin,2026-09-07,Court 1,10:00,11:30,32.0,True
2026-09-06 03:14:05,Padel Berlin Mitte,2026-09-06,Court 1,10:00,11:30,32.0,True
2026-09-06 03:14:05,Smart Padel Berlin,2026-09-06,Court 1,10:00,11:30,32.0,True
2026-09-06 03:14:05,Padel Berlin Mitte,2026-09-07,Court 1,10:00,11:30,32.0,True
2026-09-06 03:14:05,Smart Padel Berlin,2026-09-07,Court 1,10:00,11:30,32.0,True
2026-09-06 04:14:00,Padel Berlin Mitte,2026-09-06,Court 1,10:00,11:30,32.0,True
2026-09-06 04:14:00,Smart Padel Berlin,2026-09-06,Court 1,10:00,11:30,32.0,True
2026-09-06 04:14:00,Padel Berlin Mitte,2026-09-07,Court 1,10:00,11:30,32.0,True
2026-09-06 04:14:00,Smart Padel Berlin,2026-09-07,Court 1,10:00,11:30,32.0,True
2026-09-06 05:12:18,Padel Berlin Mitte,2026-09-06,Court 1,10:00,11:30,32.0,True
2026-09-06 05:12:18,Smart Padel Berlin,2026-09-06,Court 1,10:00,11:30,32.0,True
2026-09-06 05:12:18,Padel Berlin Mitte,2026-09-07,Court 1,10:00,11:30,32.0,True
2026-09-06 05:12:18,Smart Padel Berlin,2026-09-07,Court 1,10:00,11:30,32.0,True
2026-09-06 06:17:07,Padel Berlin Mitte,2026-09-06,Court 1,10:00,11:30,32.0,True
2026-09-06 06:17:07,Smart Padel Berlin,2026-09-06,Court 1,10:00,11:30,32.0,True
2026-09-06 06:17:07,Padel Berlin Mitte,2026-09-07,Court 1,10:00,11:30,32.0,True
2026-09-06 06:17:07,Smart Padel Berlin,2026-09-07,Court 1,10:00,11:30,32.0,True
2026-09-06 07:12:53,Padel Berlin Mitte,2026-09-06,Court 1,10:00,11:30,32.0,True
2026-09-06 07:12:53,Smart Padel Berlin,2026-09-06,Court 1,10:00,11:30,32.0,True
2026-09-06 07:12:53,Padel Berlin Mitte,2026-09-07,Court 1,10:00,11:30,32.0,True
2026-09-06 07:12:53,Smart Padel Berlin,2026-09-07,Court 1,10:00,11:30,32.0,True
2026-09-06 08:15:12,Padel Berlin Mitte,2026-09-06,Court 1,10:00,11:30,32.0,True
2026-09-06 08:15:12,Smart Padel Berlin,2026-09-06,Court 1,10:00,11:30,32.0,True
2026-09-06 08:15:12,Padel Berlin Mitte,2026-09-07,Court 1,10:00,11:30,32.0,True
2026-09-06 08:15:12,Smart Padel Berlin,2026-09-07,Court 1,10:00,11:30,32.0,True
2026-09-06 09:13:58,Padel Berlin Mitte,2026-09-06,Court 1,10:00,11:30,32.0,True
2026-09-06 09:13:58,Smart Padel Berlin,2026-09-06,Court 1,10:00,11:30,32.0,True
2026-09-06 09:13:58,Padel Berlin Mitte,2026-09-07,Court 1,10:00,11:30,32.0,True
2026-09-06 09:13:58,Smart Padel Berlin,2026-09-07,Court 1,10:00,11:30,32.0,True
2026-09-06 10:13:55,Padel Berlin Mitte,2026-09-06,Court 1,10:00,11:30,32.0,True
2026-09-06 10:13:55,Smart Padel Berlin,2026-09-06,Court 1,10:00,11:30,32.0,True
2026-09-06 10:13:55,Padel Berlin Mitte,2026-09-07,Court 1,10:00,11:30,32.0,True
2026-09-06 10:13:55,Smart Padel Berlin,2026-09-07,Court 1,10:00,11:30,32.0,True
2026-09-06 11:12:49,Padel Berlin Mitte,2026-09-06,Court 1,10:00,11:30,32.0,True
2026-09-06 11:12:49,Smart Padel Berlin,2026-09-06,Court 1,10:00,11:30,32.0,True
2026-09-06 11:12:49,Padel Berlin Mitte,2026-09-07,Court 1,10:00,11:30,32.0,True
2026-09-06 11:12:49,Smart Padel Berlin,2026-09-07,Court 1,10:00,11:30,32.0,True
2026-09-06 12:17:10,Padel Berlin Mitte,2026-09-06,Court 1,10:00,11:30,32.0,True
2026-09-06 12:17:10,Smart Padel Berlin,2026-09-06,Court 1,10:00,11:30,32.0,True
2026-09-06 12:17:10,Padel Berlin Mitte,2026-09-07,Court 1,10:00,11:30,32.0,True
2026-09-06 12:17:10,Smart Padel Berlin,2026-09-07,Court 1,10:00,11:30,32.0,True
2026-09-06 13:12:56,Padel Berlin Mitte,2026-09-06,Court 1,10:00,11:30,32.0,True
2026-09-06 13:12:56,Smart Padel Berlin,2026-09-06,Court 1,10:00,11:30,32.0,True
2026-09-06 13:12:56,Padel Berlin Mitte,2026-09-07,Court 1,10:00,11:30,32.0,True
2026-09-06 13:12:56,Smart Padel Berlin,2026-09-07,Court 1,10:00,11:30,32.0,True
2026-09-06 14:13:31,Padel Berlin Mitte,2026-09-06,Court 1,10:00,11:30,32.0,True
2026-09-06 14:13:31,Smart Padel Berlin,2026-09-06,Court 1,10:00,11:30,32.0,True
2026-09-06 14:13:31,Padel Berlin Mitte,2026-09-07,Court 1,10:00,11:30,32.0,True
2026-09-06 14:13:31,Smart Padel Berlin,2026-09-07,Court 1,10:00,11:30,32.0,True
2026-09-06 15:13:15,Padel Berlin Mitte,2026-09-06,Court 1,10:00,11:30,32.0,True
2026-09-06 15:13:15,Smart Padel Berlin,2026-09-06,Court 1,10:00,11:30,32.0,True
2026-09-06 15:13:15,Padel Berlin Mitte,2026-09-07,Court 1,10:00,11:30,32.0,True
2026-09-06 15:13:15,Smart Padel Berlin,2026-09-07,Court 1,10:00,11:30,32.0,True
2026-09-06 16:14:24,Padel Berlin Mitte,2026-09-06,Court 1,10:00,11:30,32.0,True
2026-09-06 16:14:24,Smart Padel Berlin,2026-09-06,Court 1,10:00,11:30,32.0,True
2026-09-06 16:14:24,Padel Berlin Mitte,2026-09-07,Court 1,10:00,11:30,32.0,True
2026-09-06 16:14:24,Smart Padel Berlin,2026-09-07,Court 1,10:00,11:30,32.0,True
2026-09-06 17:11:46,Padel Berlin Mitte,2026-09-06,Court 1,10:00,11:30,32.0,True
2026-09-06 17:11:46,Smart Padel Berlin,2026-09-06,Court 1,10:00,11:30,32.0,True
2026-09-06 17:11:46,Padel Berlin Mitte,2026-09-07,Court 1,10:00,11:30,32.0,True
2026-09-06 17:11:46,Smart Padel Berlin,2026-09-07,Court 1,10:00,11:30,32.0,True
2026-09-06 18:15:35,Padel Berlin Mitte,2026-09-06,Court 1,10:00,11:30,32.0,True
2026-09-06 18:15:35,Smart Padel Berlin,2026-09-06,Court 1,10:00,11:30,32.0,True
2026-09-06 18:15:35,Padel Berlin Mitte,2026-09-07,Court 1,10:00,11:30,32.0,True
2026-09-06 18:15:35,Smart Padel Berlin,2026-09-07,Court 1,10:00,11:30,32.0,True
2026-09-06 19:12:05,Padel Berlin Mitte,2026-09-06,Court 1,10:00,11:30,32.0,True
2026-09-06 19:12:05,Smart Padel Berlin,2026-09-06,Court 1,10:00,11:30,32.0,True
2026-09-06 19:12:05,Padel Berlin Mitte,2026-09-07,Court 1,10:00,11:30,32.0,True
2026-09-06 19:12:05,Smart Padel Berlin,2026-09-07,Court 1,10:00,11:30,32.0,True
2026-09-06 20:13:57,Padel Berlin Mitte,2026-09-06,Court 1,10:00,11:30,32.0,True
2026-09-06 20:13:57,Smart Padel Berlin,2026-09-06,Court 1,10:00,11:30,32.0,True
2026-09-06 20:13:57,Padel Berlin Mitte,2026-09-07,Court 1,10:00,11:30,32.0,True
2026-09-06 20:13:57,Smart Padel Berlin,2026-09-07,Court 1,10:00,11:30,32.0,True
2026-09-06 21:12:34,Padel Berlin Mitte,2026-09-06,Court 1,10:00,11:30,32.0,True
2026-09-06 21:12:34,Smart Padel Berlin,2026-09-06,Court 1,10:00,11:30,32.0,True
2026-09-06 21:12:34,Padel Berlin Mitte,2026-09-07,Court 1,10:00,11:30,32.0,True
2026-09-06 21:12:34,Smart Padel Berlin,2026-09-07,Court 1,10:00,11:30,32.0,True
2026-09-06 22:13:02,Padel Berlin Mitte,2026-09-06,Court 1,10:00,11:30,32.0,True
2026-09-06 22:13:02,Smart Padel Berlin,2026-09-06,Court 1,10:00,11:30,32.0,True
2026-09-06 22:13:02,Padel Berlin Mitte,2026-09-07,Court 1,10:00,11:30,32.0,True
2026-09-06 22:13:02,Smart Padel Berlin,2026-09-07,Court 1,10:00,11:30,32.0,True
2026-09-06 23:12:35,Padel Berlin Mitte,2026-09-06,Court 1,10:00,11:30,32.0,True
2026-09-06 23:12:35,Smart Padel Berlin,2026-09-06,Court 1,10:00,11:30,32.0,True
2026-09-06 23:12:35,Padel Berlin Mitte,2026-09-07,Court 1,10:00,11:30,32.0,True
2026-09-06 23:12:35,Smart Padel Berlin,2026-09-07,Court 1,10:00,11:30,32.0,True
2026-09-07 00:23:52,Padel Berlin Mitte,2026-09-07,Court 1,10:00,11:30,32.0,True
2026-09-07 00:23:52,Smart Padel Berlin,2026-09-07,Court 1,10:00,11:30,32.0,True
2026-09-07 00:23:52,Padel Berlin Mitte,2026-09-08,Court 1,10:00,11:30,32.0,True
2026-09-07 00:23:52,Smart Padel Berlin,2026-09-08,Court 1,10:00,11:30,32.0,True
2026-09-07 01:13:06,Padel Berlin Mitte,2026-09-07,Court 1,10:00,11:30,32.0,True
2026-09-07 01:13:06,Smart Padel Berlin,2026-09-07,Court 1,10:00,11:30,32.0,True
2026-09-07 01:13:06,Padel Berlin Mitte,2026-09-08,Court 1,10:00,11:30,32.0,True
2026-09-07 01:13:06,Smart Padel Berlin,2026-09-08,Court 1,10:00,11:30,32.0,True
2026-09-07 02:14:16,Padel Berlin Mitte,2026-09-07,Court 1,10:00,11:30,32.0,True
2026-09-07 02:14:16,Smart Padel Berlin,2026-09-07,Court 1,10:00,11:30,32.0,True
2026-09-07 02:14:16,Padel Berlin Mitte,2026-09-08,Court 1,10:00,11:30,32.0,True
2026-09-07 02:14:16,Smart Padel Berlin,2026-09-08,Court 1,10:00,11:30,32.0,True
2026-09-07 03:15:13,Padel Berlin Mitte,2026-09-07,Court 1,10:00,11:30,32.0,True
2026-09-07 03:15:13,Smart Padel Berlin,2026-09-07,Court 1,10:00,11:30,32.0,True
2026-09-07 03:15:13,Padel Berlin Mitte,2026-09-08,Court 1,10:00,11:30,32.0,True
2026-09-07 03:15:13,Smart Padel Berlin,2026-09-08,Court 1,10:00,11:30,32.0,True
2026-09-07 04:15:05,Padel Berlin Mitte,2026-09-07,Court 1,10:00,11:30,32.0,True
2026-09-07 04:15:05,Smart Padel Berlin,2026-09-07,Court 1,10:00,11:30,32.0,True
2026-09-07 04:15:05,Padel Berlin Mitte,2026-09-08,Court 1,10:00,11:30,32.0,True
2026-09-07 04:15:05,Smart Padel Berlin,2026-09-08,Court 1,10:00,11:30,32.0,True
2026-09-07 05:13:32,Padel Berlin Mitte,2026-09-07,Court 1,10:00,11:30,32.0,True
2026-09-07 05:13:32,Smart Padel Berlin,2026-09-07,Court 1,10:00,11:30,32.0,True
2026-09-07 05:13:32,Padel Berlin Mitte,2026-09-08,Court 1,10:00,11:30,32.0,True
2026-09-07 05:13:32,Smart Padel Berlin,2026-09-08,Court 1,10:00,11:30,32.0,True
2026-09-07 06:20:24,Padel Berlin Mitte,2026-09-07,Court 1,10:00,11:30,32.0,True
2026-09-07 06:20:24,Smart Padel Berlin,2026-09-07,Court 1,10:00,11:30,32.0,True
2026-09-07 06:20:24,Padel Berlin Mitte,2026-09-08,Court 1,10:00,11:30,32.0,True
2026-09-07 06:20:24,Smart Padel Berlin,2026-09-08,Court 1,10:00,11:30,32.0,True
2026-09-07 07:16:57,Padel Berlin Mitte,2026-09-07,Court 1,10:00,11:30,32.0,True
2026-09-07 07:16:57,Smart Padel Berlin,2026-09-07,Court 1,10:00,11:30,32.0,True
2026-09-07 07:16:57,Padel Berlin Mitte,2026-09-08,Court 1,10:00,11:30,32.0,True
2026-09-07 07:16:57,Smart Padel Berlin,2026-09-08,Court 1,10:00,11:30,32.0,True
2026-09-07 08:16:28,Padel Berlin Mitte,2026-09-07,Court 1,10:00,11:30,32.0,True
2026-09-07 08:16:28,Smart Padel Berlin,2026-09-07,Court 1,10:00,11:30,32.0,True
2026-09-07 08:16:28,Padel Berlin Mitte,2026-09-08,Court 1,10:00,11:30,32.0,True
2026-09-07 08:16:28,Smart Padel Berlin,2026-09-08,Court 1,10:00,11:30,32.0,True
2026-09-07 09:15:49,Padel Berlin Mitte,2026-09-07,Court 1,10:00,11:30,32.0,True
2026-09-07 09:15:49,Smart Padel Berlin,2026-09-07,Court 1,10:00,11:30,32.0,True
2026-09-07 09:15:49,Padel Berlin Mitte,2026-09-08,Court 1,10:00,11:30,32.0,True
2026-09-07 09:15:49,Smart Padel Berlin,2026-09-08,Court 1,10:00,11:30,32.0,True
2026-09-07 10:14:42,Padel Berlin Mitte,2026-09-07,Court 1,10:00,11:30,32.0,True
2026-09-07 10:14:42,Smart Padel Berlin,2026-09-07,Court 1,10:00,11:30,32.0,True
2026-09-07 10:14:42,Padel Berlin Mitte,2026-09-08,Court 1,10:00,11:30,32.0,True
2026-09-07 10:14:42,Smart Padel Berlin,2026-09-08,Court 1,10:00,11:30,32.0,True
2026-09-07 11:14:41,Padel Berlin Mitte,2026-09-07,Court 1,10:00,11:30,32.0,True
2026-09-07 11:14:41,Smart Padel Berlin,2026-09-07,Court 1,10:00,11:30,32.0,True
2026-09-07 11:14:41,Padel Berlin Mitte,2026-09-08,Court 1,10:00,11:30,32.0,True
2026-09-07 11:14:41,Smart Padel Berlin,2026-09-08,Court 1,10:00,11:30,32.0,True
2026-09-07 12:19:28,Padel Berlin Mitte,2026-09-07,Court 1,10:00,11:30,32.0,True
2026-09-07 12:19:28,Smart Padel Berlin,2026-09-07,Court 1,10:00,11:30,32.0,True
2026-09-07 12:19:28,Padel Berlin Mitte,2026-09-08,Court 1,10:00,11:30,32.0,True
2026-09-07 12:19:28,Smart Padel Berlin,2026-09-08,Court 1,10:00,11:30,32.0,True
2026-09-07 13:15:51,Padel Berlin Mitte,2026-09-07,Court 1,10:00,11:30,32.0,True
2026-09-07 13:15:51,Smart Padel Berlin,2026-09-07,Court 1,10:00,11:30,32.0,True
2026-09-07 13:15:51,Padel Berlin Mitte,2026-09-08,Court 1,10:00,11:30,32.0,True
2026-09-07 13:15:51,Smart Padel Berlin,2026-09-08,Court 1,10:00,11:30,32.0,True
2026-09-07 14:15:02,Padel Berlin Mitte,2026-09-07,Court 1,10:00,11:30,32.0,True
2026-09-07 14:15:02,Smart Padel Berlin,2026-09-07,Court 1,10:00,11:30,32.0,True
2026-09-07 14:15:02,Padel Berlin Mitte,2026-09-08,Court 1,10:00,11:30,32.0,True
2026-09-07 14:15:02,Smart Padel Berlin,2026-09-08,Court 1,10:00,11:30,32.0,True
2026-09-07 15:14:23,Padel Berlin Mitte,2026-09-07,Court 1,10:00,11:30,32.0,True
2026-09-07 15:14:23,Smart Padel Berlin,2026-09-07,Court 1,10:00,11:30,32.0,True
2026-09-07 15:14:23,Padel Berlin Mitte,2026-09-08,Court 1,10:00,11:30,32.0,True
2026-09-07 15:14:23,Smart Padel Berlin,2026-09-08,Court 1,10:00,11:30,32.0,True
2026-09-07 16:14:25,Padel Berlin Mitte,2026-09-07,Court 1,10:00,11:30,32.0,True
2026-09-07 16:14:25,Smart Padel Berlin,2026-09-07,Court 1,10:00,11:30,32.0,True
2026-09-07 16:14:25,Padel Berlin Mitte,2026-09-08,Court 1,10:00,11:30,32.0,True
2026-09-07 16:14:25,Smart Padel Berlin,2026-09-08,Court 1,10:00,11:30,32.0,True
2026-09-07 17:13:18,Padel Berlin Mitte,2026-09-07,Court 1,10:00,11:30,32.0,True
2026-09-07 17:13:18,Smart Padel Berlin,2026-09-07,Court 1,10:00,11:30,32.0,True
2026-09-07 17:13:18,Padel Berlin Mitte,2026-09-08,Court 1,10:00,11:30,32.0,True
2026-09-07 17:13:18,Smart Padel Berlin,2026-09-08,Court 1,10:00,11:30,32.0,True
2026-09-07 18:16:42,Padel Berlin Mitte,2026-09-07,Court 1,10:00,11:30,32.0,True
2026-09-07 18:16:42,Smart Padel Berlin,2026-09-07,Court 1,10:00,11:30,32.0,True
2026-09-07 18:16:42,Padel Berlin Mitte,2026-09-08,Court 1,10:00,11:30,32.0,True
2026-09-07 18:16:42,Smart Padel Berlin,2026-09-08,Court 1,10:00,11:30,32.0,True
2026-09-07 19:12:38,Padel Berlin Mitte,2026-09-07,Court 1,10:00,11:30,32.0,True
2026-09-07 19:12:38,Smart Padel Berlin,2026-09-07,Court 1,10:00,11:30,32.0,True
2026-09-07 19:12:38,Padel Berlin Mitte,2026-09-08,Court 1,10:00,11:30,32.0,True
2026-09-07 19:12:38,Smart Padel Berlin,2026-09-08,Court 1,10:00,11:30,32.0,True
2026-09-07 20:14:36,Padel Berlin Mitte,2026-09-07,Court 1,10:00,11:30,32.0,True
2026-09-07 20:14:36,Smart Padel Berlin,2026-09-07,Court 1,10:00,11:30,32.0,True
2026-09-07 20:14:36,Padel Berlin Mitte,2026-09-08,Court 1,10:00,11:30,32.0,True
2026-09-07 20:14:36,Smart Padel Berlin,2026-09-08,Court 1,10:00,11:30,32.0,True
2026-09-07 21:13:52,Padel Berlin Mitte,2026-09-07,Court 1,10:00,11:30,32.0,True
2026-09-07 21:13:52,Smart Padel Berlin,2026-09-07,Court 1,10:00,11:30,32.0,True
2026-09-07 21:13:52,Padel Berlin Mitte,2026-09-08,Court 1,10:00,11:30,32.0,True
2026-09-07 21:13:52,Smart Padel Berlin,2026-09-08,Court 1,10:00,11:30,32.0,True
2026-09-07 22:13:57,Padel Berlin Mitte,2026-09-07,Court 1,10:00,11:30,32.0,True
2026-09-07 22:13:57,Smart Padel Berlin,2026-09-07,Court 1,10:00,11:30,32.0,True
2026-09-07 22:13:57,Padel Berlin Mitte,2026-09-08,Court 1,10:00,11:30,32.0,True
2026-09-07 22:13:57,Smart Padel Berlin,2026-09-08,Court 1,10:00,11:30,32.0,True
2026-09-07 23:13:34,Padel Berlin Mitte,2026-09-07,Court 1,10:00,11:30,32.0,True
2026-09-07 23:13:34,Smart Padel Berlin,2026-09-07,Court 1,10:00,11:30,32.0,True
2026-09-07 23:13:34,Padel Berlin Mitte,2026-09-08,Court 1,10:00,11:30,32.0,True
2026-09-07 23:13:34,Smart Padel Berlin,2026-09-08,Court 1,10:00,11:30,32.0,True
2026-09-08 00:23:19,Padel Berlin Mitte,2026-09-08,Court 1,10:00,11:30,32.0,True
2026-09-08 00:23:19,Smart Padel Berlin,2026-09-08,Court 1,10:00,11:30,32.0,True
2026-09-08 00:23:19,Padel Berlin Mitte,2026-09-09,Court 1,10:00,11:30,32.0,True
2026-09-08 00:23:19,Smart Padel Berlin,2026-09-09,Court 1,10:00,11:30,32.0,True
2026-09-08 01:13:48,Padel Berlin Mitte,2026-09-08,Court 1,10:00,11:30,32.0,True
2026-09-08 01:13:48,Smart Padel Berlin,2026-09-08,Court 1,10:00,11:30,32.0,True
2026-09-08 01:13:48,Padel Berlin Mitte,2026-09-09,Court 1,10:00,11:30,32.0,True
2026-09-08 01:13:48,Smart Padel Berlin,2026-09-09,Court 1,10:00,11:30,32.0,True
2026-09-08 02:14:32,Padel Berlin Mitte,2026-09-08,Court 1,10:00,11:30,32.0,True
2026-09-08 02:14:32,Smart Padel Berlin,2026-09-08,Court 1,10:00,11:30,32.0,True
2026-09-08 02:14:32,Padel Berlin Mitte,2026-09-09,Court 1,10:00,11:30,32.0,True
2026-09-08 02:14:32,Smart Padel Berlin,2026-09-09,Court 1,10:00,11:30,32.0,True
2026-09-08 03:14:41,Padel Berlin Mitte,2026-09-08,Court 1,10:00,11:30,32.0,True
2026-09-08 03:14:41,Smart Padel Berlin,2026-09-08,Court 1,10:00,11:30,32.0,True
2026-09-08 03:14:41,Padel Berlin Mitte,2026-09-09,Court 1,10:00,11:30,32.0,True
2026-09-08 03:14:41,Smart Padel Berlin,2026-09-09,Court 1,10:00,11:30,32.0,True
2026-09-08 04:14:52,Padel Berlin Mitte,2026-09-08,Court 1,10:00,11:30,32.0,True
2026-09-08 04:14:52,Smart Padel Berlin,2026-09-08,Court 1,10:00,11:30,32.0,True
2026-09-08 04:14:52,Padel Berlin Mitte,2026-09-09,Court 1,10:00,11:30,32.0,True
2026-09-08 04:14:52,Smart Padel Berlin,2026-09-09,Court 1,10:00,11:30,32.0,True
2026-09-08 05:14:04,Padel Berlin Mitte,2026-09-08,Court 1,10:00,11:30,32.0,True
2026-09-08 05:14:04,Smart Padel Berlin,2026-09-08,Court 1,10:00,11:30,32.0,True
2026-09-08 05:14:04,Padel Berlin Mitte,2026-09-09,Court 1,10:00,11:30,32.0,True
2026-09-08 05:14:04,Smart Padel Berlin,2026-09-09,Court 1,10:00,11:30,32.0,True
2026-09-08 06:18:39,Padel Berlin Mitte,2026-09-08,Court 1,10:00,11:30,32.0,True
2026-09-08 06:18:39,Smart Padel Berlin,2026-09-08,Court 1,10:00,11:30,32.0,True
2026-09-08 06:18:39,Padel Berlin Mitte,2026-09-09,Court 1,10:00,11:30,32.0,True
2026-09-08 06:18:39,Smart Padel Berlin,2026-09-09,Court 1,10:00,11:30,32.0,True
2026-09-08 07:15:25,Padel Berlin Mitte,2026-09-08,Court 1,10:00,11:30,32.0,True
2026-09-08 07:15:25,Smart Padel Berlin,2026-09-08,Court 1,10:00,11:30,32.0,True
2026-09-08 07:15:25,Padel Berlin Mitte,2026-09-09,Court 1,10:00,11:30,32.0,True
2026-09-08 07:15:25,Smart Padel Berlin,2026-09-09,Court 1,10:00,11:30,32.0,True
2026-09-08 08:16:28,Padel Berlin Mitte,2026-09-08,Court 1,10:00,11:30,32.0,True
2026-09-08 08:16:28,Smart Padel Berlin,2026-09-08,Court 1,10:00,11:30,32.0,True
2026-09-08 08:16:28,Padel Berlin Mitte,2026-09-09,Court 1,10:00,11:30,32.0,True
2026-09-08 08:16:28,Smart Padel Berlin,2026-09-09,Court 1,10:00,11:30,32.0,True
2026-09-08 09:15:33,Padel Berlin Mitte,2026-09-08,Court 1,10:00,11:30,32.0,True
2026-09-08 09:15:33,Smart Padel Berlin,2026-09-08,Court 1,10:00,11:30,32.0,True
2026-09-08 09:15:33,Padel Berlin Mitte,2026-09-09,Court 1,10:00,11:30,32.0,True
2026-09-08 09:15:33,Smart Padel Berlin,2026-09-09,Court 1,10:00,11:30,32.0,True
2026-09-08 10:15:49,Padel Berlin Mitte,2026-09-08,Court 1,10:00,11:30,32.0,True
2026-09-08 10:15:49,Smart Padel Berlin,2026-09-08,Court 1,10:00,11:30,32.0,True
2026-09-08 10:15:49,Padel Berlin Mitte,2026-09-09,Court 1,10:00,11:30,32.0,True
2026-09-08 10:15:49,Smart Padel Berlin,2026-09-09,Court 1,10:00,11:30,32.0,True
2026-09-08 11:14:15,Padel Berlin Mitte,2026-09-08,Court 1,10:00,11:30,32.0,True
2026-09-08 11:14:15,Smart Padel Berlin,2026-09-08,Court 1,10:00,11:30,32.0,True
2026-09-08 11:14:15,Padel Berlin Mitte,2026-09-09,Court 1,10:00,11:30,32.0,True
2026-09-08 11:14:15,Smart Padel Berlin,2026-09-09,Court 1,10:00,11:30,32.0,True
2026-09-08 12:19:11,Padel Berlin Mitte,2026-09-08,Court 1,10:00,11:30,32.0,True
2026-09-08 12:19:11,Smart Padel Berlin,2026-09-08,Court 1,10:00,11:30,32.0,True
2026-09-08 12:19:11,Padel Berlin Mitte,2026-09-09,Court 1,10:00,11:30,32.0,True
2026-09-08 12:19:11,Smart Padel Berlin,2026-09-09,Court 1,10:00,11:30,32.0,True
2026-09-08 13:16:44,Padel Berlin Mitte,2026-09-08,Court 1,10:00,11:30,32.0,True
2026-09-08 13:16:44,Smart Padel Berlin,2026-09-08,Court 1,10:00,11:30,32.0,True
2026-09-08 13:16:44,Padel Berlin Mitte,2026-09-09,Court 1,10:00,11:30,32.0,True
2026-09-08 13:16:44,Smart Padel Berlin,2026-09-09,Court 1,10:00,11:30,32.0,True
2026-09-08 14:16:33,Padel Berlin Mitte,2026-09-08,Court 1,10:00,11:30,32.0,True
2026-09-08 14:16:33,Smart Padel Berlin,2026-09-08,Court 1,10:00,11:30,32.0,True
2026-09-08 14:16:33,Padel Berlin Mitte,2026-09-09,Court 1,10:00,11:30,32.0,True
2026-09-08 14:16:33,Smart Padel Berlin,2026-09-09,Court 1,10:00,11:30,32.0,True
2026-09-08 15:16:11,Padel Berlin Mitte,2026-09-08,Court 1,10:00,11:30,32.0,True
2026-09-08 15:16:11,Smart Padel Berlin,2026-09-08,Court 1,10:00,11:30,32.0,True
2026-09-08 15:16:11,Padel Berlin Mitte,2026-09-09,Court 1,10:00,11:30,32.0,True
2026-09-08 15:16:11,Smart Padel Berlin,2026-09-09,Court 1,10:00,11:30,32.0,True
2026-09-08 16:16:07,Padel Berlin Mitte,2026-09-08,Court 1,10:00,11:30,32.0,True
2026-09-08 16:16:07,Smart Padel Berlin,2026-09-08,Court 1,10:00,11:30,32.0,True
2026-09-08 16:16:07,Padel Berlin Mitte,2026-09-09,Court 1,10:00,11:30,32.0,True
2026-09-08 16:16:07,Smart Padel Berlin,2026-09-09,Court 1,10:00,11:30,32.0,True
2026-09-08 17:14:43,Padel Berlin Mitte,2026-09-08,Court 1,10:00,11:30,32.0,True
2026-09-08 17:14:43,Smart Padel Berlin,2026-09-08,Court 1,10:00,11:30,32.0,True
2026-09-08 17:14:43,Padel Berlin Mitte,2026-09-09,Court 1,10:00,11:30,32.0,True
2026-09-08 17:14:43,Smart Padel Berlin,2026-09-09,Court 1,10:00,11:30,32.0,True
2026-09-08 18:17:36,Padel Berlin Mitte,2026-09-08,Court 1,10:00,11:30,32.0,True
2026-09-08 18:17:36,Smart Padel Berlin,2026-09-08,Court 1,10:00,11:30,32.0,True
2026-09-08 18:17:36,Padel Berlin Mitte,2026-09-09,Court 1,10:00,11:30,32.0,True
2026-09-08 18:17:36,Smart Padel Berlin,2026-09-09,Court 1,10:00,11:30,32.0,True
2026-09-08 19:13:24,Padel Berlin Mitte,2026-09-08,Court 1,10:00,11:30,32.0,True
2026-09-08 19:13:24,Smart Padel Berlin,2026-09-08,Court 1,10:00,11:30,32.0,True
2026-09-08 19:13:24,Padel Berlin Mitte,2026-09-09,Court 1,10:00,11:30,32.0,True
2026-09-08 19:13:24,Smart Padel Berlin,2026-09-09,Court 1,10:00,11:30,32.0,True
2026-09-08 20:14:13,Padel Berlin Mitte,2026-09-08,Court 1,10:00,11:30,32.0,True
2026-09-08 20:14:13,Smart Padel Berlin,2026-09-08,Court 1,10:00,11:30,32.0,True
2026-09-08 20:14:13,Padel Berlin Mitte,2026-09-09,Court 1,10:00,11:30,32.0,True
2026-09-08 20:14:13,Smart Padel Berlin,2026-09-09,Court 1,10:00,11:30,32.0,True
2026-09-08 21:12:42,Padel Berlin Mitte,2026-09-08,Court 1,10:00,11:30,32.0,True
2026-09-08 21:12:42,Smart Padel Berlin,2026-09-08,Court 1,10:00,11:30,32.0,True
2026-09-08 21:12:42,Padel Berlin Mitte,2026-09-09,Court 1,10:00,11:30,32.0,True
2026-09-08 21:12:42,Smart Padel Berlin,2026-09-09,Court 1,10:00,11:30,32.0,True
2026-09-08 22:14:21,Padel Berlin Mitte,2026-09-08,Court 1,10:00,11:30,32.0,True
2026-09-08 22:14:21,Smart Padel Berlin,2026-09-08,Court 1,10:00,11:30,32.0,True
2026-09-08 22:14:21,Padel Berlin Mitte,2026-09-09,Court 1,10:00,11:30,32.0,True
2026-09-08 22:14:21,Smart Padel Berlin,2026-09-09,Court 1,10:00,11:30,32.0,True
2026-09-08 23:13:19,Padel Berlin Mitte,2026-09-08,Court 1,10:00,11:30,32.0,True
2026-09-08 23:13:19,Smart Padel Berlin,2026-09-08,Court 1,10:00,11:30,32.0,True
2026-09-08 23:13:19,Padel Berlin Mitte,2026-09-09,Court 1,10:00,11:30,32.0,True
2026-09-08 23:13:19,Smart Padel Berlin,2026-09-09,Court 1,10:00,11:30,32.0,True
2026-09-09 00:23:31,Padel Berlin Mitte,2026-09-09,Court 1,10:00,11:30,32.0,True
2026-09-09 00:23:31,Smart Padel Berlin,2026-09-09,Court 1,10:00,11:30,32.0,True
2026-09-09 00:23:31,Padel Berlin Mitte,2026-09-10,Court 1,10:00,11:30,32.0,True
2026-09-09 00:23:31,Smart Padel Berlin,2026-09-10,Court 1,10:00,11:30,32.0,True
2026-09-09 01:13:09,Padel Berlin Mitte,2026-09-09,Court 1,10:00,11:30,32.0,True
2026-09-09 01:13:09,Smart Padel Berlin,2026-09-09,Court 1,10:00,11:30,32.0,True
2026-09-09 01:13:09,Padel Berlin Mitte,2026-09-10,Court 1,10:00,11:30,32.0,True
2026-09-09 01:13:09,Smart Padel Berlin,2026-09-10,Court 1,10:00,11:30,32.0,True
2026-09-09 02:14:25,Padel Berlin Mitte,2026-09-09,Court 1,10:00,11:30,32.0,True
2026-09-09 02:14:25,Smart Padel Berlin,2026-09-09,Court 1,10:00,11:30,32.0,True
2026-09-09 02:14:25,Padel Berlin Mitte,2026-09-10,Court 1,10:00,11:30,32.0,True
2026-09-09 02:14:25,Smart Padel Berlin,2026-09-10,Court 1,10:00,11:30,32.0,True
2026-09-09 03:14:51,Padel Berlin Mitte,2026-09-09,Court 1,10:00,11:30,32.0,True
2026-09-09 03:14:51,Smart Padel Berlin,2026-09-09,Court 1,10:00,11:30,32.0,True
2026-09-09 03:14:51,Padel Berlin Mitte,2026-09-10,Court 1,10:00,11:30,32.0,True
2026-09-09 03:14:51,Smart Padel Berlin,2026-09-10,Court 1,10:00,11:30,32.0,True
2026-09-09 04:14:26,Padel Berlin Mitte,2026-09-09,Court 1,10:00,11:30,32.0,True
2026-09-09 04:14:26,Smart Padel Berlin,2026-09-09,Court 1,10:00,11:30,32.0,True
2026-09-09 04:14:26,Padel Berlin Mitte,2026-09-10,Court 1,10:00,11:30,32.0,True
2026-09-09 04:14:26,Smart Padel Berlin,2026-09-10,Court 1,10:00,11:30,32.0,True
2026-09-09 05:13:44,Padel Berlin Mitte,2026-09-09,Court 1,10:00,11:30,32.0,True
2026-09-09 05:13:44,Smart Padel Berlin,2026-09-09,Court 1,10:00,11:30,32.0,True
2026-09-09 05:13:44,Padel Berlin Mitte,2026-09-10,Court 1,10:00,11:30,32.0,True
2026-09-09 05:13:44,Smart Padel Berlin,2026-09-10,Court 1,10:00,11:30,32.0,True
2026-09-09 06:18:57,Padel Berlin Mitte,2026-09-09,Court 1,10:00,11:30,32.0,True
2026-09-09 06:18:57,Smart Padel Berlin,2026-09-09,Court 1,10:00,11:30,32.0,True
2026-09-09 06:18:57,Padel Berlin Mitte,2026-09-10,Court 1,10:00,11:30,32.0,True
2026-09-09 06:18:57,Smart Padel Berlin,2026-09-10,Court 1,10:00,11:30,32.0,True
2026-09-09 07:15:44,Padel Berlin Mitte,2026-09-09,Court 1,10:00,11:30,32.0,True
2026-09-09 07:15:44,Smart Padel Berlin,2026-09-09,Court 1,10:00,11:30,32.0,True
2026-09-09 07:15:44,Padel Berlin Mitte,2026-09-10,Court 1,10:00,11:30,32.0,True
2026-09-09 07:15:44,Smart Padel Berlin,2026-09-10,Court 1,10:00,11:30,32.0,True
2026-09-09 08:15:35,Padel Berlin Mitte,2026-09-09,Court 1,10:00,11:30,32.0,True
2026-09-09 08:15:35,Smart Padel Berlin,2026-09-09,Court 1,10:00,11:30,32.0,True
2026-09-09 08:15:35,Padel Berlin Mitte,2026-09-10,Court 1,10:00,11:30,32.0,True
2026-09-09 08:15:35,Smart Padel Berlin,2026-09-10,Court 1,10:00,11:30,32.0,True
2026-09-09 09:14:59,Padel Berlin Mitte,2026-09-09,Court 1,10:00,11:30,32.0,True
2026-09-09 09:14:59,Smart Padel Berlin,2026-09-09,Court 1,10:00,11:30,32.0,True
2026-09-09 09:14:59,Padel Berlin Mitte,2026-09-10,Court 1,10:00,11:30,32.0,True
2026-09-09 09:14:59,Smart Padel Berlin,2026-09-10,Court 1,10:00,11:30,32.0,True
2026-09-09 10:15:26,Padel Berlin Mitte,2026-09-09,Court 1,10:00,11:30,32.0,True
2026-09-09 10:15:26,Smart Padel Berlin,2026-09-09,Court 1,10:00,11:30,32.0,True
2026-09-09 10:15:26,Padel Berlin Mitte,2026-09-10,Court 1,10:00,11:30,32.0,True
2026-09-09 10:15:26,Smart Padel Berlin,2026-09-10,Court 1,10:00,11:30,32.0,True
2026-09-09 11:14:12,Padel Berlin Mitte,2026-09-09,Court 1,10:00,11:30,32.0,True
2026-09-09 11:14:12,Smart Padel Berlin,2026-09-09,Court 1,10:00,11:30,32.0,True
2026-09-09 11:14:12,Padel Berlin Mitte,2026-09-10,Court 1,10:00,11:30,32.0,True
2026-09-09 11:14:12,Smart Padel Berlin,2026-09-10,Court 1,10:00,11:30,32.0,True
2026-09-09 12:18:44,Padel Berlin Mitte,2026-09-09,Court 1,10:00,11:30,32.0,True
2026-09-09 12:18:44,Smart Padel Berlin,2026-09-09,Court 1,10:00,11:30,32.0,True
2026-09-09 12:18:44,Padel Berlin Mitte,2026-09-10,Court 1,10:00,11:30,32.0,True
2026-09-09 12:18:44,Smart Padel Berlin,2026-09-10,Court 1,10:00,11:30,32.0,True
2026-09-09 13:15:50,Padel Berlin Mitte,2026-09-09,Court 1,10:00,11:30,32.0,True
2026-09-09 13:15:50,Smart Padel Berlin,2026-09-09,Court 1,10:00,11:30,32.0,True
2026-09-09 13:15:50,Padel Berlin Mitte,2026-09-10,Court 1,10:00,11:30,32.0,True
2026-09-09 13:15:50,Smart Padel Berlin,2026-09-10,Court 1,10:00,11:30,32.0,True
2026-09-09 14:14:48,Padel Berlin Mitte,2026-09-09,Court 1,10:00,11:30,32.0,True
2026-09-09 14:14:48,Smart Padel Berlin,2026-09-09,Court 1,10:00,11:30,32.0,True
2026-09-09 14:14:48,Padel Berlin Mitte,2026-09-10,Court 1,10:00,11:30,32.0,True
2026-09-09 14:14:48,Smart Padel Berlin,2026-09-10,Court 1,10:00,11:30,32.0,True
2026-09-09 15:14:33,Padel Berlin Mitte,2026-09-09,Court 1,10:00,11:30,32.0,True
2026-09-09 15:14:33,Smart Padel Berlin,2026-09-09,Court 1,10:00,11:30,32.0,True
2026-09-09 15:14:33,Padel Berlin Mitte,2026-09-10,Court 1,10:00,11:30,32.0,True
2026-09-09 15:14:33,Smart Padel Berlin,2026-09-10,Court 1,10:00,11:30,32.0,True
2026-09-09 16:15:58,Padel Berlin Mitte,2026-09-09,Court 1,10:00,11:30,32.0,True
2026-09-09 16:15:58,Smart Padel Berlin,2026-09-09,Court 1,10:00,11:30,32.0,True
2026-09-09 16:15:58,Padel Berlin Mitte,2026-09-10,Court 1,10:00,11:30,32.0,True
2026-09-09 16:15:58,Smart Padel Berlin,2026-09-10,Court 1,10:00,11:30,32.0,True
2026-09-09 17:13:29,Padel Berlin Mitte,2026-09-09,Court 1,10:00,11:30,32.0,True
2026-09-09 17:13:29,Smart Padel Berlin,2026-09-09,Court 1,10:00,11:30,32.0,True
2026-09-09 17:13:29,Padel Berlin Mitte,2026-09-10,Court 1,10:00,11:30,32.0,True
2026-09-09 17:13:29,Smart Padel Berlin,2026-09-10,Court 1,10:00,11:30,32.0,True
2026-09-09 18:17:57,Padel Berlin Mitte,2026-09-09,Court 1,10:00,11:30,32.0,True
2026-09-09 18:17:57,Smart Padel Berlin,2026-09-09,Court 1,10:00,11:30,32.0,True
2026-09-09 18:17:57,Padel Berlin Mitte,2026-09-10,Court 1,10:00,11:30,32.0,True
2026-09-09 18:17:57,Smart Padel Berlin,2026-09-10,Court 1,10:00,11:30,32.0,True
2026-09-09 19:12:50,Padel Berlin Mitte,2026-09-09,Court 1,10:00,11:30,32.0,True
2026-09-09 19:12:50,Smart Padel Berlin,2026-09-09,Court 1,10:00,11:30,32.0,True
2026-09-09 19:12:50,Padel Berlin Mitte,2026-09-10,Court 1,10:00,11:30,32.0,True
2026-09-09 19:12:50,Smart Padel Berlin,2026-09-10,Court 1,10:00,11:30,32.0,True
2026-09-09 20:14:59,Padel Berlin Mitte,2026-09-09,Court 1,10:00,11:30,32.0,True
2026-09-09 20:14:59,Smart Padel Berlin,2026-09-09,Court 1,10:00,11:30,32.0,True
2026-09-09 20:14:59,Padel Berlin Mitte,2026-09-10,Court 1,10:00,11:30,32.0,True
2026-09-09 20:14:59,Smart Padel Berlin,2026-09-10,Court 1,10:00,11:30,32.0,True
2026-09-09 21:12:42,Padel Berlin Mitte,2026-09-09,Court 1,10:00,11:30,32.0,True
2026-09-09 21:12:42,Smart Padel Berlin,2026-09-09,Court 1,10:00,11:30,32.0,True
2026-09-09 21:12:42,Padel Berlin Mitte,2026-09-10,Court 1,10:00,11:30,32.0,True
2026-09-09 21:12:42,Smart Padel Berlin,2026-09-10,Court 1,10:00,11:30,32.0,True
2026-09-09 22:13:09,Padel Berlin Mitte,2026-09-09,Court 1,10:00,11:30,32.0,True
2026-09-09 22:13:09,Smart Padel Berlin,2026-09-09,Court 1,10:00,11:30,32.0,True
2026-09-09 22:13:09,Padel Berlin Mitte,2026-09-10,Court 1,10:00,11:30,32.0,True
2026-09-09 22:13:09,Smart Padel Berlin,2026-09-10,Court 1,10:00,11:30,32.0,True
2026-09-09 23:12:46,Padel Berlin Mitte,2026-09-09,Court 1,10:00,11:30,32.0,True
2026-09-09 23:12:46,Smart Padel Berlin,2026-09-09,Court 1,10:00,11:30,32.0,True
2026-09-09 23:12:46,Padel Berlin Mitte,2026-09-10,Court 1,10:00,11:30,32.0,True
2026-09-09 23:12:46,Smart Padel Berlin,2026-09-10,Court 1,10:00,11:30,32.0,True
2026-09-10 00:19:26,Padel Berlin Mitte,2026-09-10,Court 1,10:00,11:30,32.0,True
2026-09-10 00:19:26,Smart Padel Berlin,2026-09-10,Court 1,10:00,11:30,32.0,True
2026-09-10 00:19:26,Padel Berlin Mitte,2026-09-11,Court 1,10:00,11:30,32.0,True
2026-09-10 00:19:26,Smart Padel Berlin,2026-09-11,Court 1,10:00,11:30,32.0,True
2026-09-10 01:13:42,Padel Berlin Mitte,2026-09-10,Court 1,10:00,11:30,32.0,True
2026-09-10 01:13:42,Smart Padel Berlin,2026-09-10,Court 1,10:00,11:30,32.0,True
2026-09-10 01:13:42,Padel Berlin Mitte,2026-09-11,Court 1,10:00,11:30,32.0,True
2026-09-10 01:13:42,Smart Padel Berlin,2026-09-11,Court 1,10:00,11:30,32.0,True
2026-09-10 02:14:39,Padel Berlin Mitte,2026-09-10,Court 1,10:00,11:30,32.0,True
2026-09-10 02:14:39,Smart Padel Berlin,2026-09-10,Court 1,10:00,11:30,32.0,True
2026-09-10 02:14:39,Padel Berlin Mitte,2026-09-11,Court 1,10:00,11:30,32.0,True
2026-09-10 02:14:39,Smart Padel Berlin,2026-09-11,Court 1,10:00,11:30,32.0,True
2026-09-10 03:14:49,Padel Berlin Mitte,2026-09-10,Court 1,10:00,11:30,32.0,True
2026-09-10 03:14:49,Smart Padel Berlin,2026-09-10,Court 1,10:00,11:30,32.0,True
2026-09-10 03:14:49,Padel Berlin Mitte,2026-09-11,Court 1,10:00,11:30,32.0,True
2026-09-10 03:14:49,Smart Padel Berlin,2026-09-11,Court 1,10:00,11:30,32.0,True
2026-09-10 04:14:32,Padel Berlin Mitte,2026-09-10,Court 1,10:00,11:30,32.0,True
2026-09-10 04:14:32,Smart Padel Berlin,2026-09-10,Court 1,10:00,11:30,32.0,True
2026-09-10 04:14:32,Padel Berlin Mitte,2026-09-11,Court 1,10:00,11:30,32.0,True
2026-09-10 04:14:32,Smart Padel Berlin,2026-09-11,Court 1,10:00,11:30,32.0,True
2026-09-10 05:13:40,Padel Berlin Mitte,2026-09-10,Court 1,10:00,11:30,32.0,True
2026-09-10 05:13:40,Smart Padel Berlin,2026-09-10,Court 1,10:00,11:30,32.0,True
2026-09-10 05:13:40,Padel Berlin Mitte,2026-09-11,Court 1,10:00,11:30,32.0,True
2026-09-10 05:13:40,Smart Padel Berlin,2026-09-11,Court 1,10:00,11:30,32.0,True
2026-09-10 06:19:22,Padel Berlin Mitte,2026-09-10,Court 1,10:00,11:30,32.0,True
2026-09-10 06:19:22,Smart Padel Berlin,2026-09-10,Court 1,10:00,11:30,32.0,True
2026-09-10 06:19:22,Padel Berlin Mitte,2026-09-11,Court 1,10:00,11:30,32.0,True
2026-09-10 06:19:22,Smart Padel Berlin,2026-09-11,Court 1,10:00,11:30,32.0,True
2026-09-10 07:15:48,Padel Berlin Mitte,2026-09-10,Court 1,10:00,11:30,32.0,True
2026-09-10 07:15:48,Smart Padel Berlin,2026-09-10,Court 1,10:00,11:30,32.0,True
2026-09-10 07:15:48,Padel Berlin Mitte,2026-09-11,Court 1,10:00,11:30,32.0,True
2026-09-10 07:15:48,Smart Padel Berlin,2026-09-11,Court 1,10:00,11:30,32.0,True
2026-09-10 08:15:56,Padel Berlin Mitte,2026-09-10,Court 1,10:00,11:30,32.0,True
2026-09-10 08:15:56,Smart Padel Berlin,2026-09-10,Court 1,10:00,11:30,32.0,True
2026-09-10 08:15:56,Padel Berlin Mitte,2026-09-11,Court 1,10:00,11:30,32.0,True
2026-09-10 08:15:56,Smart Padel Berlin,2026-09-11,Court 1,10:00,11:30,32.0,True
2026-09-10 09:15:01,Padel Berlin Mitte,2026-09-10,Court 1,10:00,11:30,32.0,True
2026-09-10 09:15:01,Smart Padel Berlin,2026-09-10,Court 1,10:00,11:30,32.0,True
2026-09-10 09:15:01,Padel Berlin Mitte,2026-09-11,Court 1,10:00,11:30,32.0,True
2026-09-10 09:15:01,Smart Padel Berlin,2026-09-11,Court 1,10:00,11:30,32.0,True
2026-09-10 10:15:16,Padel Berlin Mitte,2026-09-10,Court 1,10:00,11:30,32.0,True
2026-09-10 10:15:16,Smart Padel Berlin,2026-09-10,Court 1,10:00,11:30,32.0,True
2026-09-10 10:15:16,Padel Berlin Mitte,2026-09-11,Court 1,10:00,11:30,32.0,True
2026-09-10 10:15:16,Smart Padel Berlin,2026-09-11,Court 1,10:00,11:30,32.0,True
2026-09-10 11:14:09,Padel Berlin Mitte,2026-09-10,Court 1,10:00,11:30,32.0,True
2026-09-10 11:14:09,Smart Padel Berlin,2026-09-10,Court 1,10:00,11:30,32.0,True
2026-09-10 11:14:09,Padel Berlin Mitte,2026-09-11,Court 1,10:00,11:30,32.0,True
2026-09-10 11:14:09,Smart Padel Berlin,2026-09-11,Court 1,10:00,11:30,32.0,True
2026-09-10 12:18:55,Padel Berlin Mitte,2026-09-10,Court 1,10:00,11:30,32.0,True
2026-09-10 12:18:55,Smart Padel Berlin,2026-09-10,Court 1,10:00,11:30,32.0,True
2026-09-10 12:18:55,Padel Berlin Mitte,2026-09-11,Court 1,10:00,11:30,32.0,True
2026-09-10 12:18:55,Smart Padel Berlin,2026-09-11,Court 1,10:00,11:30,32.0,True
2026-09-10 13:14:27,Padel Berlin Mitte,2026-09-10,Court 1,10:00,11:30,32.0,True
2026-09-10 13:14:27,Smart Padel Berlin,2026-09-10,Court 1,10:00,11:30,32.0,True
2026-09-10 13:14:27,Padel Berlin Mitte,2026-09-11,Court 1,10:00,11:30,32.0,True
2026-09-10 13:14:27,Smart Padel Berlin,2026-09-11,Court 1,10:00,11:30,32.0,True
2026-09-10 14:14:12,Padel Berlin Mitte,2026-09-10,Court 1,10:00,11:30,32.0,True
2026-09-10 14:14:12,Smart Padel Berlin,2026-09-10,Court 1,10:00,11:30,32.0,True
2026-09-10 14:14:12,Padel Berlin Mitte,2026-09-11,Court 1,10:00,11:30,32.0,True
2026-09-10 14:14:12,Smart Padel Berlin,2026-09-11,Court 1,10:00,11:30,32.0,True
2026-09-10 15:14:32,Padel Berlin Mitte,2026-09-10,Court 1,10:00,11:30,32.0,True
2026-09-10 15:14:32,Smart Padel Berlin,2026-09-10,Court 1,10:00,11:30,32.0,True
2026-09-10 15:14:32,Padel Berlin Mitte,2026-09-11,Court 1,10:00,11:30,32.0,True
2026-09-10 15:14:32,Smart Padel Berlin,2026-09-11,Court 1,10:00,11:30,32.0,True
2026-09-10 16:14:29,Padel Berlin Mitte,2026-09-10,Court 1,10:00,11:30,32.0,True
2026-09-10 16:14:29,Smart Padel Berlin,2026-09-10,Court 1,10:00,11:30,32.0,True
2026-09-10 16:14:29,Padel Berlin Mitte,2026-09-11,Court 1,10:00,11:30,32.0,True
2026-09-10 16:14:29,Smart Padel Berlin,2026-09-11,Court 1,10:00,11:30,32.0,True
2026-09-10 17:13:12,Padel Berlin Mitte,2026-09-10,Court 1,10:00,11:30,32.0,True
2026-09-10 17:13:12,Smart Padel Berlin,2026-09-10,Court 1,10:00,11:30,32.0,True
2026-09-10 17:13:12,Padel Berlin Mitte,2026-09-11,Court 1,10:00,11:30,32.0,True
2026-09-10 17:13:12,Smart Padel Berlin,2026-09-11,Court 1,10:00,11:30,32.0,True
2026-09-10 18:16:23,Padel Berlin Mitte,2026-09-10,Court 1,10:00,11:30,32.0,True
2026-09-10 18:16:23,Smart Padel Berlin,2026-09-10,Court 1,10:00,11:30,32.0,True
2026-09-10 18:16:23,Padel Berlin Mitte,2026-09-11,Court 1,10:00,11:30,32.0,True
2026-09-10 18:16:23,Smart Padel Berlin,2026-09-11,Court 1,10:00,11:30,32.0,True
2026-09-10 19:11:47,Padel Berlin Mitte,2026-09-10,Court 1,10:00,11:30,32.0,True
2026-09-10 19:11:47,Smart Padel Berlin,2026-09-10,Court 1,10:00,11:30,32.0,True
2026-09-10 19:11:47,Padel Berlin Mitte,2026-09-11,Court 1,10:00,11:30,32.0,True
2026-09-10 19:11:47,Smart Padel Berlin,2026-09-11,Court 1,10:00,11:30,32.0,True
2026-09-10 20:13:19,Padel Berlin Mitte,2026-09-10,Court 1,10:00,11:30,32.0,True
2026-09-10 20:13:19,Smart Padel Berlin,2026-09-10,Court 1,10:00,11:30,32.0,True
2026-09-10 20:13:19,Padel Berlin Mitte,2026-09-11,Court 1,10:00,11:30,32.0,True
2026-09-10 20:13:19,Smart Padel Berlin,2026-09-11,Court 1,10:00,11:30,32.0,True
2026-09-10 21:12:28,Padel Berlin Mitte,2026-09-10,Court 1,10:00,11:30,32.0,True
2026-09-10 21:12:28,Smart Padel Berlin,2026-09-10,Court 1,10:00,11:30,32.0,True
2026-09-10 21:12:28,Padel Berlin Mitte,2026-09-11,Court 1,10:00,11:30,32.0,True
2026-09-10 21:12:28,Smart Padel Berlin,2026-09-11,Court 1,10:00,11:30,32.0,True
2026-09-10 22:13:04,Padel Berlin Mitte,2026-09-10,Court 1,10:00,11:30,32.0,True
2026-09-10 22:13:04,Smart Padel Berlin,2026-09-10,Court 1,10:00,11:30,32.0,True
2026-09-10 22:13:04,Padel Berlin Mitte,2026-09-11,Court 1,10:00,11:30,32.0,True
2026-09-10 22:13:04,Smart Padel Berlin,2026-09-11,Court 1,10:00,11:30,32.0,True
2026-09-10 23:11:51,Padel Berlin Mitte,2026-09-10,Court 1,10:00,11:30,32.0,True
2026-09-10 23:11:51,Smart Padel Berlin,2026-09-10,Court 1,10:00,11:30,32.0,True
2026-09-10 23:11:51,Padel Berlin Mitte,2026-09-11,Court 1,10:00,11:30,32.0,True
2026-09-10 23:11:51,Smart Padel Berlin,2026-09-11,Court 1,10:00,11:30,32.0,True
2026-09-11 00:20:49,Padel Berlin Mitte,2026-09-11,Court 1,10:00,11:30,32.0,True
2026-09-11 00:20:49,Smart Padel Berlin,2026-09-11,Court 1,10:00,11:30,32.0,True
2026-09-11 00:20:49,Padel Berlin Mitte,2026-09-12,Court 1,10:00,11:30,32.0,True
2026-09-11 00:20:49,Smart Padel Berlin,2026-09-12,Court 1,10:00,11:30,32.0,True
2026-09-11 01:12:29,Padel Berlin Mitte,2026-09-11,Court 1,10:00,11:30,32.0,True
2026-09-11 01:12:29,Smart Padel Berlin,2026-09-11,Court 1,10:00,11:30,32.0,True
2026-09-11 01:12:29,Padel Berlin Mitte,2026-09-12,Court 1,10:00,11:30,32.0,True
2026-09-11 01:12:29,Smart Padel Berlin,2026-09-12,Court 1,10:00,11:30,32.0,True
2026-09-11 02:14:25,Padel Berlin Mitte,2026-09-11,Court 1,10:00,11:30,32.0,True
2026-09-11 02:14:25,Smart Padel Berlin,2026-09-11,Court 1,10:00,11:30,32.0,True
2026-09-11 02:14:25,Padel Berlin Mitte,2026-09-12,Court 1,10:00,11:30,32.0,True
2026-09-11 02:14:25,Smart Padel Berlin,2026-09-12,Court 1,10:00,11:30,32.0,True
2026-09-11 03:14:14,Padel Berlin Mitte,2026-09-11,Court 1,10:00,11:30,32.0,True
2026-09-11 03:14:14,Smart Padel Berlin,2026-09-11,Court 1,10:00,11:30,32.0,True
2026-09-11 03:14:14,Padel Berlin Mitte,2026-09-12,Court 1,10:00,11:30,32.0,True
2026-09-11 03:14:14,Smart Padel Berlin,2026-09-12,Court 1,10:00,11:30,32.0,True
2026-09-11 04:15:16,Padel Berlin Mitte,2026-09-11,Court 1,10:00,11:30,32.0,True
2026-09-11 04:15:16,Smart Padel Berlin,2026-09-11,Court 1,10:00,11:30,32.0,True
2026-09-11 04:15:16,Padel Berlin Mitte,2026-09-12,Court 1,10:00,11:30,32.0,True
2026-09-11 04:15:16,Smart Padel Berlin,2026-09-12,Court 1,10:00,11:30,32.0,True
2026-09-11 05:13:20,Padel Berlin Mitte,2026-09-11,Court 1,10:00,11:30,32.0,True
2026-09-11 05:13:20,Smart Padel Berlin,2026-09-11,Court 1,10:00,11:30,32.0,True
2026-09-11 05:13:20,Padel Berlin Mitte,2026-09-12,Court 1,10:00,11:30,32.0,True
2026-09-11 05:13:20,Smart Padel Berlin,2026-09-12,Court 1,10:00,11:30,32.0,True
2026-09-11 06:18:08,Padel Berlin Mitte,2026-09-11,Court 1,10:00,11:30,32.0,True
2026-09-11 06:18:08,Smart Padel Berlin,2026-09-11,Court 1,10:00,11:30,32.0,True
2026-09-11 06:18:08,Padel Berlin Mitte,2026-09-12,Court 1,10:00,11:30,32.0,True
2026-09-11 06:18:08,Smart Padel Berlin,2026-09-12,Court 1,10:00,11:30,32.0,True
2026-09-11 07:14:40,Padel Berlin Mitte,2026-09-11,Court 1,10:00,11:30,32.0,True
2026-09-11 07:14:40,Smart Padel Berlin,2026-09-11,Court 1,10:00,11:30,32.0,True
2026-09-11 07:14:40,Padel Berlin Mitte,2026-09-12,Court 1,10:00,11:30,32.0,True
2026-09-11 07:14:40,Smart Padel Berlin,2026-09-12,Court 1,10:00,11:30,32.0,True
2026-09-11 08:16:01,Padel Berlin Mitte,2026-09-11,Court 1,10:00,11:30,32.0,True
2026-09-11 08:16:01,Smart Padel Berlin,2026-09-11,Court 1,10:00,11:30,32.0,True
2026-09-11 08:16:01,Padel Berlin Mitte,2026-09-12,Court 1,10:00,11:30,32.0,True
2026-09-11 08:16:01,Smart Padel Berlin,2026-09-12,Court 1,10:00,11:30,32.0,True
2026-09-11 09:14:23,Padel Berlin Mitte,2026-09-11,Court 1,10:00,11:30,32.0,True
2026-09-11 09:14:23,Smart Padel Berlin,2026-09-11,Court 1,10:00,11:30,32.0,True
2026-09-11 09:14:23,Padel Berlin Mitte,2026-09-12,Court 1,10:00,11:30,32.0,True
2026-09-11 09:14:23,Smart Padel Berlin,2026-09-12,Court 1,10:00,11:30,32.0,True
2026-09-11 10:15:02,Padel Berlin Mitte,2026-09-11,Court 1,10:00,11:30,32.0,True
2026-09-11 10:15:02,Smart Padel Berlin,2026-09-11,Court 1,10:00,11:30,32.0,True
2026-09-11 10:15:02,Padel Berlin Mitte,2026-09-12,Court 1,10:00,11:30,32.0,True
2026-09-11 10:15:02,Smart Padel Berlin,2026-09-12,Court 1,10:00,11:30,32.0,True
2026-09-11 11:14:05,Padel Berlin Mitte,2026-09-11,Court 1,10:00,11:30,32.0,True
2026-09-11 11:14:05,Smart Padel Berlin,2026-09-11,Court 1,10:00,11:30,32.0,True
2026-09-11 11:14:05,Padel Berlin Mitte,2026-09-12,Court 1,10:00,11:30,32.0,True
2026-09-11 11:14:05,Smart Padel Berlin,2026-09-12,Court 1,10:00,11:30,32.0,True
2026-09-11 12:18:57,Padel Berlin Mitte,2026-09-11,Court 1,10:00,11:30,32.0,True
2026-09-11 12:18:57,Smart Padel Berlin,2026-09-11,Court 1,10:00,11:30,32.0,True
2026-09-11 12:18:57,Padel Berlin Mitte,2026-09-12,Court 1,10:00,11:30,32.0,True
2026-09-11 12:18:57,Smart Padel Berlin,2026-09-12,Court 1,10:00,11:30,32.0,True
2026-09-11 13:14:23,Padel Berlin Mitte,2026-09-11,Court 1,10:00,11:30,32.0,True
2026-09-11 13:14:23,Smart Padel Berlin,2026-09-11,Court 1,10:00,11:30,32.0,True
2026-09-11 13:14:23,Padel Berlin Mitte,2026-09-12,Court 1,10:00,11:30,32.0,True
2026-09-11 13:14:23,Smart Padel Berlin,2026-09-12,Court 1,10:00,11:30,32.0,True
2026-09-11 14:14:51,Padel Berlin Mitte,2026-09-11,Court 1,10:00,11:30,32.0,True
2026-09-11 14:14:51,Smart Padel Berlin,2026-09-11,Court 1,10:00,11:30,32.0,True
2026-09-11 14:14:51,Padel Berlin Mitte,2026-09-12,Court 1,10:00,11:30,32.0,True
2026-09-11 14:14:51,Smart Padel Berlin,2026-09-12,Court 1,10:00,11:30,32.0,True
2026-09-11 15:13:51,Padel Berlin Mitte,2026-09-11,Court 1,10:00,11:30,32.0,True
2026-09-11 15:13:51,Smart Padel Berlin,2026-09-11,Court 1,10:00,11:30,32.0,True
2026-09-11 15:13:51,Padel Berlin Mitte,2026-09-12,Court 1,10:00,11:30,32.0,True
2026-09-11 15:13:51,Smart Padel Berlin,2026-09-12,Court 1,10:00,11:30,32.0,True
2026-09-11 16:14:54,Padel Berlin Mitte,2026-09-11,Court 1,10:00,11:30,32.0,True
2026-09-11 16:14:54,Smart Padel Berlin,2026-09-11,Court 1,10:00,11:30,32.0,True
2026-09-11 16:14:54,Padel Berlin Mitte,2026-09-12,Court 1,10:00,11:30,32.0,True
2026-09-11 16:14:54,Smart Padel Berlin,2026-09-12,Court 1,10:00,11:30,32.0,True
2026-09-11 17:13:00,Padel Berlin Mitte,2026-09-11,Court 1,10:00,11:30,32.0,True
2026-09-11 17:13:00,Smart Padel Berlin,2026-09-11,Court 1,10:00,11:30,32.0,True
2026-09-11 17:13:00,Padel Berlin Mitte,2026-09-12,Court 1,10:00,11:30,32.0,True
2026-09-11 17:13:00,Smart Padel Berlin,2026-09-12,Court 1,10:00,11:30,32.0,True
2026-09-11 18:16:42,Padel Berlin Mitte,2026-09-11,Court 1,10:00,11:30,32.0,True
2026-09-11 18:16:42,Smart Padel Berlin,2026-09-11,Court 1,10:00,11:30,32.0,True
2026-09-11 18:16:42,Padel Berlin Mitte,2026-09-12,Court 1,10:00,11:30,32.0,True
2026-09-11 18:16:42,Smart Padel Berlin,2026-09-12,Court 1,10:00,11:30,32.0,True
2026-09-11 19:12:22,Padel Berlin Mitte,2026-09-11,Court 1,10:00,11:30,32.0,True
2026-09-11 19:12:22,Smart Padel Berlin,2026-09-11,Court 1,10:00,11:30,32.0,True
2026-09-11 19:12:22,Padel Berlin Mitte,2026-09-12,Court 1,10:00,11:30,32.0,True
2026-09-11 19:12:22,Smart Padel Berlin,2026-09-12,Court 1,10:00,11:30,32.0,True
2026-09-11 20:14:31,Padel Berlin Mitte,2026-09-11,Court 1,10:00,11:30,32.0,True
2026-09-11 20:14:31,Smart Padel Berlin,2026-09-11,Court 1,10:00,11:30,32.0,True
2026-09-11 20:14:31,Padel Berlin Mitte,2026-09-12,Court 1,10:00,11:30,32.0,True
2026-09-11 20:14:31,Smart Padel Berlin,2026-09-12,Court 1,10:00,11:30,32.0,True
2026-09-11 21:13:30,Padel Berlin Mitte,2026-09-11,Court 1,10:00,11:30,32.0,True
2026-09-11 21:13:30,Smart Padel Berlin,2026-09-11,Court 1,10:00,11:30,32.0,True
2026-09-11 21:13:30,Padel Berlin Mitte,2026-09-12,Court 1,10:00,11:30,32.0,True
2026-09-11 21:13:30,Smart Padel Berlin,2026-09-12,Court 1,10:00,11:30,32.0,True
2026-09-11 22:13:51,Padel Berlin Mitte,2026-09-11,Court 1,10:00,11:30,32.0,True
2026-09-11 22:13:51,Smart Padel Berlin,2026-09-11,Court 1,10:00,11:30,32.0,True
2026-09-11 22:13:51,Padel Berlin Mitte,2026-09-12,Court 1,10:00,11:30,32.0,True
2026-09-11 22:13:51,Smart Padel Berlin,2026-09-12,Court 1,10:00,11:30,32.0,True
2026-09-11 23:12:21,Padel Berlin Mitte,2026-09-11,Court 1,10:00,11:30,32.0,True
2026-09-11 23:12:21,Smart Padel Berlin,2026-09-11,Court 1,10:00,11:30,32.0,True
2026-09-11 23:12:21,Padel Berlin Mitte,2026-09-12,Court 1,10:00,11:30,32.0,True
2026-09-11 23:12:21,Smart Padel Berlin,2026-09-12,Court 1,10:00,11:30,32.0,True
2026-09-12 00:19:41,Padel Berlin Mitte,2026-09-12,Court 1,10:00,11:30,32.0,True
2026-09-12 00:19:41,Smart Padel Berlin,2026-09-12,Court 1,10:00,11:30,32.0,True
2026-09-12 00:19:41,Padel Berlin Mitte,2026-09-13,Court 1,10:00,11:30,32.0,True
2026-09-12 00:19:41,Smart Padel Berlin,2026-09-13,Court 1,10:00,11:30,32.0,True
2026-09-12 01:11:44,Padel Berlin Mitte,2026-09-12,Court 1,10:00,11:30,32.0,True
2026-09-12 01:11:44,Smart Padel Berlin,2026-09-12,Court 1,10:00,11:30,32.0,True
2026-09-12 01:11:44,Padel Berlin Mitte,2026-09-13,Court 1,10:00,11:30,32.0,True
2026-09-12 01:11:44,Smart Padel Berlin,2026-09-13,Court 1,10:00,11:30,32.0,True
2026-09-12 02:14:47,Padel Berlin Mitte,2026-09-12,Court 1,10:00,11:30,32.0,True
2026-09-12 02:14:47,Smart Padel Berlin,2026-09-12,Court 1,10:00,11:30,32.0,True
2026-09-12 02:14:47,Padel Berlin Mitte,2026-09-13,Court 1,10:00,11:30,32.0,True
2026-09-12 02:14:47,Smart Padel Berlin,2026-09-13,Court 1,10:00,11:30,32.0,True
2026-09-12 03:13:48,Padel Berlin Mitte,2026-09-12,Court 1,10:00,11:30,32.0,True
2026-09-12 03:13:48,Smart Padel Berlin,2026-09-12,Court 1,10:00,11:30,32.0,True
2026-09-12 03:13:48,Padel Berlin Mitte,2026-09-13,Court 1,10:00,11:30,32.0,True
2026-09-12 03:13:48,Smart Padel Berlin,2026-09-13,Court 1,10:00,11:30,32.0,True
2026-09-12 04:13:44,Padel Berlin Mitte,2026-09-12,Court 1,10:00,11:30,32.0,True
2026-09-12 04:13:44,Smart Padel Berlin,2026-09-12,Court 1,10:00,11:30,32.0,True
2026-09-12 04:13:44,Padel Berlin Mitte,2026-09-13,Court 1,10:00,11:30,32.0,True
2026-09-12 04:13:44,Smart Padel Berlin,2026-09-13,Court 1,10:00,11:30,32.0,True
2026-09-12 05:12:45,Padel Berlin Mitte,2026-09-12,Court 1,10:00,11:30,32.0,True
2026-09-12 05:12:45,Smart Padel Berlin,2026-09-12,Court 1,10:00,11:30,32.0,True
2026-09-12 05:12:45,Padel Berlin Mitte,2026-09-13,Court 1,10:00,11:30,32.0,True
2026-09-12 05:12:45,Smart Padel Berlin,2026-09-13,Court 1,10:00,11:30,32.0,True
2026-09-12 06:17:15,Padel Berlin Mitte,2026-09-12,Court 1,10:00,11:30,32.0,True
2026-09-12 06:17:15,Smart Padel Berlin,2026-09-12,Court 1,10:00,11:30,32.0,True
2026-09-12 06:17:15,Padel Berlin Mitte,2026-09-13,Court 1,10:00,11:30,32.0,True
2026-09-12 06:17:15,Smart Padel Berlin,2026-09-13,Court 1,10:00,11:30,32.0,True
2026-09-12 07:12:28,Padel Berlin Mitte,2026-09-12,Court 1,10:00,11:30,32.0,True
2026-09-12 07:12:28,Smart Padel Berlin,2026-09-12,Court 1,10:00,11:30,32.0,True
2026-09-12 07:12:28,Padel Berlin Mitte,2026-09-13,Court 1,10:00,11:30,32.0,True
2026-09-12 07:12:28,Smart Padel Berlin,2026-09-13,Court 1,10:00,11:30,32.0,True
2026-09-12 08:14:07,Padel Berlin Mitte,2026-09-12,Court 1,10:00,11:30,32.0,True
2026-09-12 08:14:07,Smart Padel Berlin,2026-09-12,Court 1,10:00,11:30,32.0,True
2026-09-12 08:14:07,Padel Berlin Mitte,2026-09-13,Court 1,10:00,11:30,32.0,True
2026-09-12 08:14:07,Smart Padel Berlin,2026-09-13,Court 1,10:00,11:30,32.0,True
2026-09-12 09:13:30,Padel Berlin Mitte,2026-09-12,Court 1,10:00,11:30,32.0,True
2026-09-12 09:13:30,Smart Padel Berlin,2026-09-12,Court 1,10:00,11:30,32.0,True
2026-09-12 09:13:30,Padel Berlin Mitte,2026-09-13,Court 1,10:00,11:30,32.0,True
2026-09-12 09:13:30,Smart Padel Berlin,2026-09-13,Court 1,10:00,11:30,32.0,True
2026-09-12 10:13:33,Padel Berlin Mitte,2026-09-12,Court 1,10:00,11:30,32.0,True
2026-09-12 10:13:33,Smart Padel Berlin,2026-09-12,Court 1,10:00,11:30,32.0,True
2026-09-12 10:13:33,Padel Berlin Mitte,2026-09-13,Court 1,10:00,11:30,32.0,True
2026-09-12 10:13:33,Smart Padel Berlin,2026-09-13,Court 1,10:00,11:30,32.0,True
2026-09-12 11:12:47,Padel Berlin Mitte,2026-09-12,Court 1,10:00,11:30,32.0,True
2026-09-12 11:12:47,Smart Padel Berlin,2026-09-12,Court 1,10:00,11:30,32.0,True
2026-09-12 11:12:47,Padel Berlin Mitte,2026-09-13,Court 1,10:00,11:30,32.0,True
2026-09-12 11:12:47,Smart Padel Berlin,2026-09-13,Court 1,10:00,11:30,32.0,True
2026-09-12 12:17:04,Padel Berlin Mitte,2026-09-12,Court 1,10:00,11:30,32.0,True
2026-09-12 12:17:04,Smart Padel Berlin,2026-09-12,Court 1,10:00,11:30,32.0,True
2026-09-12 12:17:04,Padel Berlin Mitte,2026-09-13,Court 1,10:00,11:30,32.0,True
2026-09-12 12:17:04,Smart Padel Berlin,2026-09-13,Court 1,10:00,11:30,32.0,True
2026-09-12 13:12:38,Padel Berlin Mitte,2026-09-12,Court 1,10:00,11:30,32.0,True
2026-09-12 13:12:38,Smart Padel Berlin,2026-09-12,Court 1,10:00,11:30,32.0,True
2026-09-12 13:12:38,Padel Berlin Mitte,2026-09-13,Court 1,10:00,11:30,32.0,True
2026-09-12 13:12:38,Smart Padel Berlin,2026-09-13,Court 1,10:00,11:30,32.0,True
2026-09-12 14:12:40,Padel Berlin Mitte,2026-09-12,Court 1,10:00,11:30,32.0,True
2026-09-12 14:12:40,Smart Padel Berlin,2026-09-12,Court 1,10:00,11:30,32.0,True
2026-09-12 14:12:40,Padel Berlin Mitte,2026-09-13,Court 1,10:00,11:30,32.0,True
2026-09-12 14:12:40,Smart Padel Berlin,2026-09-13,Court 1,10:00,11:30,32.0,True
2026-09-12 15:12:57,Padel Berlin Mitte,2026-09-12,Court 1,10:00,11:30,32.0,True
2026-09-12 15:12:57,Smart Padel Berlin,2026-09-12,Court 1,10:00,11:30,32.0,True
2026-09-12 15:12:57,Padel Berlin Mitte,2026-09-13,Court 1,10:00,11:30,32.0,True
2026-09-12 15:12:57,Smart Padel Berlin,2026-09-13,Court 1,10:00,11:30,32.0,True
2026-09-12 16:14:09,Padel Berlin Mitte,2026-09-12,Court 1,10:00,11:30,32.0,True
2026-09-12 16:14:09,Smart Padel Berlin,2026-09-12,Court 1,10:00,11:30,32.0,True
2026-09-12 16:14:09,Padel Berlin Mitte,2026-09-13,Court 1,10:00,11:30,32.0,True
2026-09-12 16:14:09,Smart Padel Berlin,2026-09-13,Court 1,10:00,11:30,32.0,True
2026-09-12 17:12:25,Padel Berlin Mitte,2026-09-12,Court 1,10:00,11:30,32.0,True
2026-09-12 17:12:25,Smart Padel Berlin,2026-09-12,Court 1,10:00,11:30,32.0,True
2026-09-12 17:12:25,Padel Berlin Mitte,2026-09-13,Court 1,10:00,11:30,32.0,True
2026-09-12 17:12:25,Smart Padel Berlin,2026-09-13,Court 1,10:00,11:30,32.0,True
2026-09-12 18:15:18,Padel Berlin Mitte,2026-09-12,Court 1,10:00,11:30,32.0,True
2026-09-12 18:15:18,Smart Padel Berlin,2026-09-12,Court 1,10:00,11:30,32.0,True
2026-09-12 18:15:18,Padel Berlin Mitte,2026-09-13,Court 1,10:00,11:30,32.0,True
2026-09-12 18:15:18,Smart Padel Berlin,2026-09-13,Court 1,10:00,11:30,32.0,True
2026-09-12 19:11:32,Padel Berlin Mitte,2026-09-12,Court 1,10:00,11:30,32.0,True
2026-09-12 19:11:32,Smart Padel Berlin,2026-09-12,Court 1,10:00,11:30,32.0,True
2026-09-12 19:11:32,Padel Berlin Mitte,2026-09-13,Court 1,10:00,11:30,32.0,True
2026-09-12 19:11:32,Smart Padel Berlin,2026-09-13,Court 1,10:00,11:30,32.0,True
2026-09-12 20:13:58,Padel Berlin Mitte,2026-09-12,Court 1,10:00,11:30,32.0,True
2026-09-12 20:13:58,Smart Padel Berlin,2026-09-12,Court 1,10:00,11:30,32.0,True
2026-09-12 20:13:58,Padel Berlin Mitte,2026-09-13,Court 1,10:00,11:30,32.0,True
2026-09-12 20:13:58,Smart Padel Berlin,2026-09-13,Court 1,10:00,11:30,32.0,True
2026-09-12 21:13:39,Padel Berlin Mitte,2026-09-12,Court 1,10:00,11:30,32.0,True
2026-09-12 21:13:39,Smart Padel Berlin,2026-09-12,Court 1,10:00,11:30,32.0,True
2026-09-12 21:13:39,Padel Berlin Mitte,2026-09-13,Court 1,10:00,11:30,32.0,True
2026-09-12 21:13:39,Smart Padel Berlin,2026-09-13,Court 1,10:00,11:30,32.0,True
2026-09-12 22:13:01,Padel Berlin Mitte,2026-09-12,Court 1,10:00,11:30,32.0,True
2026-09-12 22:13:01,Smart Padel Berlin,2026-09-12,Court 1,10:00,11:30,32.0,True
2026-09-12 22:13:01,Padel Berlin Mitte,2026-09-13,Court 1,10:00,11:30,32.0,True
2026-09-12 22:13:01,Smart Padel Berlin,2026-09-13,Court 1,10:00,11:30,32.0,True
2026-09-12 23:12:38,Padel Berlin Mitte,2026-09-12,Court 1,10:00,11:30,32.0,True
2026-09-12 23:12:38,Smart Padel Berlin,2026-09-12,Court 1,10:00,11:30,32.0,True
2026-09-12 23:12:38,Padel Berlin Mitte,2026-09-13,Court 1,10:00,11:30,32.0,True
2026-09-12 23:12:38,Smart Padel Berlin,2026-09-13,Court 1,10:00,11:30,32.0,True
2026-09-13 00:20:31,Padel Berlin Mitte,2026-09-13,Court 1,10:00,11:30,32.0,True
2026-09-13 00:20:31,Smart Padel Berlin,2026-09-13,Court 1,10:00,11:30,32.0,True
2026-09-13 00:20:31,Padel Berlin Mitte,2026-09-14,Court 1,10:00,11:30,32.0,True
2026-09-13 00:20:31,Smart Padel Berlin,2026-09-14,Court 1,10:00,11:30,32.0,True
2026-09-13 01:11:58,Padel Berlin Mitte,2026-09-13,Court 1,10:00,11:30,32.0,True
2026-09-13 01:11:58,Smart Padel Berlin,2026-09-13,Court 1,10:00,11:30,32.0,True
2026-09-13 01:11:58,Padel Berlin Mitte,2026-09-14,Court 1,10:00,11:30,32.0,True
2026-09-13 01:11:58,Smart Padel Berlin,2026-09-14,Court 1,10:00,11:30,32.0,True
2026-09-13 02:14:12,Padel Berlin Mitte,2026-09-13,Court 1,10:00,11:30,32.0,True
2026-09-13 02:14:12,Smart Padel Berlin,2026-09-13,Court 1,10:00,11:30,32.0,True
2026-09-13 02:14:12,Padel Berlin Mitte,2026-09-14,Court 1,10:00,11:30,32.0,True
2026-09-13 02:14:12,Smart Padel Berlin,2026-09-14,Court 1,10:00,11:30,32.0,True
2026-09-13 03:14:06,Padel Berlin Mitte,2026-09-13,Court 1,10:00,11:30,32.0,True
2026-09-13 03:14:06,Smart Padel Berlin,2026-09-13,Court 1,10:00,11:30,32.0,True
2026-09-13 03:14:06,Padel Berlin Mitte,2026-09-14,Court 1,10:00,11:30,32.0,True
2026-09-13 03:14:06,Smart Padel Berlin,2026-09-14,Court 1,10:00,11:30,32.0,True
2026-09-13 04:15:04,Padel Berlin Mitte,2026-09-13,Court 1,10:00,11:30,32.0,True
2026-09-13 04:15:04,Smart Padel Berlin,2026-09-13,Court 1,10:00,11:30,32.0,True
2026-09-13 04:15:04,Padel Berlin Mitte,2026-09-14,Court 1,10:00,11:30,32.0,True
2026-09-13 04:15:04,Smart Padel Berlin,2026-09-14,Court 1,10:00,11:30,32.0,True
2026-09-13 05:13:11,Padel Berlin Mitte,2026-09-13,Court 1,10:00,11:30,32.0,True
2026-09-13 05:13:11,Smart Padel Berlin,2026-09-13,Court 1,10:00,11:30,32.0,True
2026-09-13 05:13:11,Padel Berlin Mitte,2026-09-14,Court 1,10:00,11:30,32.0,True
2026-09-13 05:13:11,Smart Padel Berlin,2026-09-14,Court 1,10:00,11:30,32.0,True
2026-09-13 06:22:07,Padel Berlin Mitte,2026-09-13,Court 1,10:00,11:30,32.0,True
2026-09-13 06:22:07,Smart Padel Berlin,2026-09-13,Court 1,10:00,11:30,32.0,True
2026-09-13 06:22:07,Padel Berlin Mitte,2026-09-14,Court 1,10:00,11:30,32.0,True
2026-09-13 06:22:07,Smart Padel Berlin,2026-09-14,Court 1,10:00,11:30,32.0,True
2026-09-13 07:13:12,Padel Berlin Mitte,2026-09-13,Court 1,10:00,11:30,32.0,True
2026-09-13 07:13:12,Smart Padel Berlin,2026-09-13,Court 1,10:00,11:30,32.0,True
2026-09-13 07:13:12,Padel Berlin Mitte,2026-09-14,Court 1,10:00,11:30,32.0,True
2026-09-13 07:13:12,Smart Padel Berlin,2026-09-14,Court 1,10:00,11:30,32.0,True
2026-09-13 08:14:32,Padel Berlin Mitte,2026-09-13,Court 1,10:00,11:30,32.0,True
2026-09-13 08:14:32,Smart Padel Berlin,2026-09-13,Court 1,10:00,11:30,32.0,True
2026-09-13 08:14:32,Padel Berlin Mitte,2026-09-14,Court 1,10:00,11:30,32.0,True
2026-09-13 08:14:32,Smart Padel Berlin,2026-09-14,Court 1,10:00,11:30,32.0,True
2026-09-13 09:39:53,Padel Berlin Mitte,2026-09-13,Court 1,10:00,11:30,32.0,True
2026-09-13 09:39:53,Smart Padel Berlin,2026-09-13,Court 1,10:00,11:30,32.0,True
2026-09-13 09:39:53,Padel Berlin Mitte,2026-09-14,Court 1,10:00,11:30,32.0,True
2026-09-13 09:39:53,Smart Padel Berlin,2026-09-14,Court 1,10:00,11:30,32.0,True
2026-09-13 10:19:18,Padel Berlin Mitte,2026-09-13,Court 1,10:00,11:30,32.0,True
2026-09-13 10:19:18,Smart Padel Berlin,2026-09-13,Court 1,10:00,11:30,32.0,True
2026-09-13 10:19:18,Padel Berlin Mitte,2026-09-14,Court 1,10:00,11:30,32.0,True
2026-09-13 10:19:18,Smart Padel Berlin,2026-09-14,Court 1,10:00,11:30,32.0,True
2026-09-13 11:12:48,Padel Berlin Mitte,2026-09-13,Court 1,10:00,11:30,32.0,True
2026-09-13 11:12:48,Smart Padel Berlin,2026-09-13,Court 1,10:00,11:30,32.0,True
2026-09-13 11:12:48,Padel Berlin Mitte,2026-09-14,Court 1,10:00,11:30,32.0,True
2026-09-13 11:12:48,Smart Padel Berlin,2026-09-14,Court 1,10:00,11:30,32.0,True
2026-09-13 12:17:32,Padel Berlin Mitte,2026-09-13,Court 1,10:00,11:30,32.0,True
2026-09-13 12:17:32,Smart Padel Berlin,2026-09-13,Court 1,10:00,11:30,32.0,True
2026-09-13 12:17:32,Padel Berlin Mitte,2026-09-14,Court 1,10:00,11:30,32.0,True
2026-09-13 12:17:32,Smart Padel Berlin,2026-09-14,Court 1,10:00,11:30,32.0,True
2026-09-13 13:13:06,Padel Berlin Mitte,2026-09-13,Court 1,10:00,11:30,32.0,True
2026-09-13 13:13:06,Smart Padel Berlin,2026-09-13,Court 1,10:00,11:30,32.0,True
2026-09-13 13:13:06,Padel Berlin Mitte,2026-09-14,Court 1,10:00,11:30,32.0,True
2026-09-13 13:13:06,Smart Padel Berlin,2026-09-14,Court 1,10:00,11:30,32.0,True
2026-09-13 14:13:16,Padel Berlin Mitte,2026-09-13,Court 1,10:00,11:30,32.0,True
2026-09-13 14:13:16,Smart Padel Berlin,2026-09-13,Court 1,10:00,11:30,32.0,True
2026-09-13 14:13:16,Padel Berlin Mitte,2026-09-14,Court 1,10:00,11:30,32.0,True
2026-09-13 14:13:16,Smart Padel Berlin,2026-09-14,Court 1,10:00,11:30,32.0,True
2026-09-13 15:13:25,Padel Berlin Mitte,2026-09-13,Court 1,10:00,11:30,32.0,True
2026-09-13 15:13:25,Smart Padel Berlin,2026-09-13,Court 1,10:00,11:30,32.0,True
2026-09-13 15:13:25,Padel Berlin Mitte,2026-09-14,Court 1,10:00,11:30,32.0,True
2026-09-13 15:13:25,Smart Padel Berlin,2026-09-14,Court 1,10:00,11:30,32.0,True
2026-09-13 16:14:09,Padel Berlin Mitte,2026-09-13,Court 1,10:00,11:30,32.0,True
2026-09-13 16:14:09,Smart Padel Berlin,2026-09-13,Court 1,10:00,11:30,32.0,True
2026-09-13 16:14:09,Padel Berlin Mitte,2026-09-14,Court 1,10:00,11:30,32.0,True
2026-09-13 16:14:09,Smart Padel Berlin,2026-09-14,Court 1,10:00,11:30,32.0,True
2026-09-13 17:12:25,Padel Berlin Mitte,2026-09-13,Court 1,10:00,11:30,32.0,True
2026-09-13 17:12:25,Smart Padel Berlin,2026-09-13,Court 1,10:00,11:30,32.0,True
2026-09-13 17:12:25,Padel Berlin Mitte,2026-09-14,Court 1,10:00,11:30,32.0,True
2026-09-13 17:12:25,Smart Padel Berlin,2026-09-14,Court 1,10:00,11:30,32.0,True
2026-09-13 18:15:52,Padel Berlin Mitte,2026-09-13,Court 1,10:00,11:30,32.0,True
2026-09-13 18:15:52,Smart Padel Berlin,2026-09-13,Court 1,10:00,11:30,32.0,True
2026-09-13 18:15:52,Padel Berlin Mitte,2026-09-14,Court 1,10:00,11:30,32.0,True
2026-09-13 18:15:52,Smart Padel Berlin,2026-09-14,Court 1,10:00,11:30,32.0,True
2026-09-13 19:11:58,Padel Berlin Mitte,2026-09-13,Court 1,10:00,11:30,32.0,True
2026-09-13 19:11:58,Smart Padel Berlin,2026-09-13,Court 1,10:00,11:30,32.0,True
2026-09-13 19:11:58,Padel Berlin Mitte,2026-09-14,Court 1,10:00,11:30,32.0,True
2026-09-13 19:11:58,Smart Padel Berlin,2026-09-14,Court 1,10:00,11:30,32.0,True
2026-09-13 20:14:03,Padel Berlin Mitte,2026-09-13,Court 1,10:00,11:30,32.0,True
2026-09-13 20:14:03,Smart Padel Berlin,2026-09-13,Court 1,10:00,11:30,32.0,True
2026-09-13 20:14:03,Padel Berlin Mitte,2026-09-14,Court 1,10:00,11:30,32.0,True
2026-09-13 20:14:03,Smart Padel Berlin,2026-09-14,Court 1,10:00,11:30,32.0,True
2026-09-13 21:13:24,Padel Berlin Mitte,2026-09-13,Court 1,10:00,11:30,32.0,True
2026-09-13 21:13:24,Smart Padel Berlin,2026-09-13,Court 1,10:00,11:30,32.0,True
2026-09-13 21:13:24,Padel Berlin Mitte,2026-09-14,Court 1,10:00,11:30,32.0,True
2026-09-13 21:13:24,Smart Padel Berlin,2026-09-14,Court 1,10:00,11:30,32.0,True
2026-09-13 22:13:47,Padel Berlin Mitte,2026-09-13,Court 1,10:00,11:30,32.0,True
2026-09-13 22:13:47,Smart Padel Berlin,2026-09-13,Court 1,10:00,11:30,32.0,True
2026-09-13 22:13:47,Padel Berlin Mitte,2026-09-14,Court 1,10:00,11:30,32.0,True
2026-09-13 22:13:47,Smart Padel Berlin,2026-09-14,Court 1,10:00,11:30,32.0,True
2026-09-13 23:13:20,Padel Berlin Mitte,2026-09-13,Court 1,10:00,11:30,32.0,True
2026-09-13 23:13:20,Smart Padel Berlin,2026-09-13,Court 1,10:00,11:30,32.0,True
2026-09-13 23:13:20,Padel Berlin Mitte,2026-09-14,Court 1,10:00,11:30,32.0,True
2026-09-13 23:13:20,Smart Padel Berlin,2026-09-14,Court 1,10:00,11:30,32.0,True
2026-09-14 00:21:18,Padel Berlin Mitte,2026-09-14,Court 1,10:00,11:30,32.0,True
2026-09-14 00:21:18,Smart Padel Berlin,2026-09-14,Court 1,10:00,11:30,32.0,True
2026-09-14 00:21:18,Padel Berlin Mitte,2026-09-15,Court 1,10:00,11:30,32.0,True
2026-09-14 00:21:18,Smart Padel Berlin,2026-09-15,Court 1,10:00,11:30,32.0,True
2026-09-14 01:13:51,Padel Berlin Mitte,2026-09-14,Court 1,10:00,11:30,32.0,True
2026-09-14 01:13:51,Smart Padel Berlin,2026-09-14,Court 1,10:00,11:30,32.0,True
2026-09-14 01:13:51,Padel Berlin Mitte,2026-09-15,Court 1,10:00,11:30,32.0,True
2026-09-14 01:13:51,Smart Padel Berlin,2026-09-15,Court 1,10:00,11:30,32.0,True
2026-09-14 02:14:35,Padel Berlin Mitte,2026-09-14,Court 1,10:00,11:30,32.0,True
2026-09-14 02:14:35,Smart Padel Berlin,2026-09-14,Court 1,10:00,11:30,32.0,True
2026-09-14 02:14:35,Padel Berlin Mitte,2026-09-15,Court 1,10:00,11:30,32.0,True
2026-09-14 02:14:35,Smart Padel Berlin,2026-09-15,Court 1,10:00,11:30,32.0,True
2026-09-14 03:15:03,Padel Berlin Mitte,2026-09-14,Court 1,10:00,11:30,32.0,True
2026-09-14 03:15:03,Smart Padel Berlin,2026-09-14,Court 1,10:00,11:30,32.0,True
2026-09-14 03:15:03,Padel Berlin Mitte,2026-09-15,Court 1,10:00,11:30,32.0,True
2026-09-14 03:15:03,Smart Padel Berlin,2026-09-15,Court 1,10:00,11:30,32.0,True
2026-09-14 04:15:09,Padel Berlin Mitte,2026-09-14,Court 1,10:00,11:30,32.0,True
2026-09-14 04:15:09,Smart Padel Berlin,2026-09-14,Court 1,10:00,11:30,32.0,True
2026-09-14 04:15:09,Padel Berlin Mitte,2026-09-15,Court 1,10:00,11:30,32.0,True
2026-09-14 04:15:09,Smart Padel Berlin,2026-09-15,Court 1,10:00,11:30,32.0,True
2026-09-14 05:13:58,Padel Berlin Mitte,2026-09-14,Court 1,10:00,11:30,32.0,True
2026-09-14 05:13:58,Smart Padel Berlin,2026-09-14,Court 1,10:00,11:30,32.0,True
2026-09-14 05:13:58,Padel Berlin Mitte,2026-09-15,Court 1,10:00,11:30,32.0,True
2026-09-14 05:13:58,Smart Padel Berlin,2026-09-15,Court 1,10:00,11:30,32.0,True
2026-09-14 06:20:45,Padel Berlin Mitte,2026-09-14,Court 1,10:00,11:30,32.0,True
2026-09-14 06:20:45,Smart Padel Berlin,2026-09-14,Court 1,10:00,11:30,32.0,True
2026-09-14 06:20:45,Padel Berlin Mitte,2026-09-15,Court 1,10:00,11:30,32.0,True
2026-09-14 06:20:45,Smart Padel Berlin,2026-09-15,Court 1,10:00,11:30,32.0,True
2026-09-14 07:15:58,Padel Berlin Mitte,2026-09-14,Court 1,10:00,11:30,32.0,True
2026-09-14 07:15:58,Smart Padel Berlin,2026-09-14,Court 1,10:00,11:30,32.0,True
2026-09-14 07:15:58,Padel Berlin Mitte,2026-09-15,Court 1,10:00,11:30,32.0,True
2026-09-14 07:15:58,Smart Padel Berlin,2026-09-15,Court 1,10:00,11:30,32.0,True
2026-09-14 08:16:41,Padel Berlin Mitte,2026-09-14,Court 1,10:00,11:30,32.0,True
2026-09-14 08:16:41,Smart Padel Berlin,2026-09-14,Court 1,10:00,11:30,32.0,True
2026-09-14 08:16:41,Padel Berlin Mitte,2026-09-15,Court 1,10:00,11:30,32.0,True
2026-09-14 08:16:41,Smart Padel Berlin,2026-09-15,Court 1,10:00,11:30,32.0,True
2026-09-14 09:16:38,Padel Berlin Mitte,2026-09-14,Court 1,10:00,11:30,32.0,True
2026-09-14 09:16:38,Smart Padel Berlin,2026-09-14,Court 1,10:00,11:30,32.0,True
2026-09-14 09:16:38,Padel Berlin Mitte,2026-09-15,Court 1,10:00,11:30,32.0,True
2026-09-14 09:16:38,Smart Padel Berlin,2026-09-15,Court 1,10:00,11:30,32.0,True
2026-09-14 10:15:07,Padel Berlin Mitte,2026-09-14,Court 1,10:00,11:30,32.0,True
2026-09-14 10:15:07,Smart Padel Berlin,2026-09-14,Court 1,10:00,11:30,32.0,True
2026-09-14 10:15:07,Padel Berlin Mitte,2026-09-15,Court 1,10:00,11:30,32.0,True
2026-09-14 10:15:07,Smart Padel Berlin,2026-09-15,Court 1,10:00,11:30,32.0,True
2026-09-14 11:14:54,Padel Berlin Mitte,2026-09-14,Court 1,10:00,11:30,32.0,True
2026-09-14 11:14:54,Smart Padel Berlin,2026-09-14,Court 1,10:00,11:30,32.0,True
2026-09-14 11:14:54,Padel Berlin Mitte,2026-09-15,Court 1,10:00,11:30,32.0,True
2026-09-14 11:14:54,Smart Padel Berlin,2026-09-15,Court 1,10:00,11:30,32.0,True
2026-09-14 12:19:33,Padel Berlin Mitte,2026-09-14,Court 1,10:00,11:30,32.0,True
2026-09-14 12:19:33,Smart Padel Berlin,2026-09-14,Court 1,10:00,11:30,32.0,True
2026-09-14 12:19:33,Padel Berlin Mitte,2026-09-15,Court 1,10:00,11:30,32.0,True
2026-09-14 12:19:33,Smart Padel Berlin,2026-09-15,Court 1,10:00,11:30,32.0,True
2026-09-14 13:17:09,Padel Berlin Mitte,2026-09-14,Court 1,10:00,11:30,32.0,True
2026-09-14 13:17:09,Smart Padel Berlin,2026-09-14,Court 1,10:00,11:30,32.0,True
2026-09-14 13:17:09,Padel Berlin Mitte,2026-09-15,Court 1,10:00,11:30,32.0,True
2026-09-14 13:17:09,Smart Padel Berlin,2026-09-15,Court 1,10:00,11:30,32.0,True
2026-09-14 14:17:44,Padel Berlin Mitte,2026-09-14,Court 1,10:00,11:30,32.0,True
2026-09-14 14:17:44,Smart Padel Berlin,2026-09-14,Court 1,10:00,11:30,32.0,True
2026-09-14 14:17:44,Padel Berlin Mitte,2026-09-15,Court 1,10:00,11:30,32.0,True
2026-09-14 14:17:44,Smart Padel Berlin,2026-09-15,Court 1,10:00,11:30,32.0,True
2026-09-14 15:16:47,Padel Berlin Mitte,2026-09-14,Court 1,10:00,11:30,32.0,True
2026-09-14 15:16:47,Smart Padel Berlin,2026-09-14,Court 1,10:00,11:30,32.0,True
2026-09-14 15:16:47,Padel Berlin Mitte,2026-09-15,Court 1,10:00,11:30,32.0,True
2026-09-14 15:16:47,Smart Padel Berlin,2026-09-15,Court 1,10:00,11:30,32.0,True
2026-09-14 16:14:39,Padel Berlin Mitte,2026-09-14,Court 1,10:00,11:30,32.0,True
2026-09-14 16:14:39,Smart Padel Berlin,2026-09-14,Court 1,10:00,11:30,32.0,True
2026-09-14 16:14:39,Padel Berlin Mitte,2026-09-15,Court 1,10:00,11:30,32.0,True
2026-09-14 16:14:39,Smart Padel Berlin,2026-09-15,Court 1,10:00,11:30,32.0,True
2026-09-14 17:12:46,Padel Berlin Mitte,2026-09-14,Court 1,10:00,11:30,32.0,True
2026-09-14 17:12:46,Smart Padel Berlin,2026-09-14,Court 1,10:00,11:30,32.0,True
2026-09-14 17:12:46,Padel Berlin Mitte,2026-09-15,Court 1,10:00,11:30,32.0,True
2026-09-14 17:12:46,Smart Padel Berlin,2026-09-15,Court 1,10:00,11:30,32.0,True
2026-09-14 18:16:09,Padel Berlin Mitte,2026-09-14,Court 1,10:00,11:30,32.0,True
2026-09-14 18:16:09,Smart Padel Berlin,2026-09-14,Court 1,10:00,11:30,32.0,True
2026-09-14 18:16:09,Padel Berlin Mitte,2026-09-15,Court 1,10:00,11:30,32.0,True
2026-09-14 18:16:09,Smart Padel Berlin,2026-09-15,Court 1,10:00,11:30,32.0,True
2026-09-14 19:14:42,Padel Berlin Mitte,2026-09-14,Court 1,10:00,11:30,32.0,True
2026-09-14 19:14:42,Smart Padel Berlin,2026-09-14,Court 1,10:00,11:30,32.0,True
2026-09-14 19:14:42,Padel Berlin Mitte,2026-09-15,Court 1,10:00,11:30,32.0,True
2026-09-14 19:14:42,Smart Padel Berlin,2026-09-15,Court 1,10:00,11:30,32.0,True
2026-09-14 20:14:52,Padel Berlin Mitte,2026-09-14,Court 1,10:00,11:30,32.0,True
2026-09-14 20:14:52,Smart Padel Berlin,2026-09-14,Court 1,10:00,11:30,32.0,True
2026-09-14 20:14:52,Padel Berlin Mitte,2026-09-15,Court 1,10:00,11:30,32.0,True
2026-09-14 20:14:52,Smart Padel Berlin,2026-09-15,Court 1,10:00,11:30,32.0,True
2026-09-14 21:13:46,Padel Berlin Mitte,2026-09-14,Court 1,10:00,11:30,32.0,True
2026-09-14 21:13:46,Smart Padel Berlin,2026-09-14,Court 1,10:00,11:30,32.0,True
2026-09-14 21:13:46,Padel Berlin Mitte,2026-09-15,Court 1,10:00,11:30,32.0,True
2026-09-14 21:13:46,Smart Padel Berlin,2026-09-15,Court 1,10:00,11:30,32.0,True
2026-09-14 22:14:28,Padel Berlin Mitte,2026-09-14,Court 1,10:00,11:30,32.0,True
2026-09-14 22:14:28,Smart Padel Berlin,2026-09-14,Court 1,10:00,11:30,32.0,True
2026-09-14 22:14:28,Padel Berlin Mitte,2026-09-15,Court 1,10:00,11:30,32.0,True
2026-09-14 22:14:28,Smart Padel Berlin,2026-09-15,Court 1,10:00,11:30,32.0,True
2026-09-14 23:13:10,Padel Berlin Mitte,2026-09-14,Court 1,10:00,11:30,32.0,True
2026-09-14 23:13:10,Smart Padel Berlin,2026-09-14,Court 1,10:00,11:30,32.0,True
2026-09-14 23:13:10,Padel Berlin Mitte,2026-09-15,Court 1,10:00,11:30,32.0,True
2026-09-14 23:13:10,Smart Padel Berlin,2026-09-15,Court 1,10:00,11:30,32.0,True
2026-09-15 00:21:29,Padel Berlin Mitte,2026-09-15,Court 1,10:00,11:30,32.0,True
2026-09-15 00:21:29,Smart Padel Berlin,2026-09-15,Court 1,10:00,11:30,32.0,True
2026-09-15 00:21:29,Padel Berlin Mitte,2026-09-16,Court 1,10:00,11:30,32.0,True
2026-09-15 00:21:29,Smart Padel Berlin,2026-09-16,Court 1,10:00,11:30,32.0,True
2026-09-15 01:14:40,Padel Berlin Mitte,2026-09-15,Court 1,10:00,11:30,32.0,True
2026-09-15 01:14:40,Smart Padel Berlin,2026-09-15,Court 1,10:00,11:30,32.0,True
2026-09-15 01:14:40,Padel Berlin Mitte,2026-09-16,Court 1,10:00,11:30,32.0,True
2026-09-15 01:14:40,Smart Padel Berlin,2026-09-16,Court 1,10:00,11:30,32.0,True
2026-09-15 02:16:10,Padel Berlin Mitte,2026-09-15,Court 1,10:00,11:30,32.0,True
2026-09-15 02:16:10,Smart Padel Berlin,2026-09-15,Court 1,10:00,11:30,32.0,True
2026-09-15 02:16:10,Padel Berlin Mitte,2026-09-16,Court 1,10:00,11:30,32.0,True
2026-09-15 02:16:10,Smart Padel Berlin,2026-09-16,Court 1,10:00,11:30,32.0,True
2026-09-15 03:15:40,Padel Berlin Mitte,2026-09-15,Court 1,10:00,11:30,32.0,True
2026-09-15 03:15:40,Smart Padel Berlin,2026-09-15,Court 1,10:00,11:30,32.0,True
2026-09-15 03:15:40,Padel Berlin Mitte,2026-09-16,Court 1,10:00,11:30,32.0,True
2026-09-15 03:15:40,Smart Padel Berlin,2026-09-16,Court 1,10:00,11:30,32.0,True
2026-09-15 04:15:29,Padel Berlin Mitte,2026-09-15,Court 1,10:00,11:30,32.0,True
2026-09-15 04:15:29,Smart Padel Berlin,2026-09-15,Court 1,10:00,11:30,32.0,True
2026-09-15 04:15:29,Padel Berlin Mitte,2026-09-16,Court 1,10:00,11:30,32.0,True
2026-09-15 04:15:29,Smart Padel Berlin,2026-09-16,Court 1,10:00,11:30,32.0,True
2026-09-15 05:14:29,Padel Berlin Mitte,2026-09-15,Court 1,10:00,11:30,32.0,True
2026-09-15 05:14:29,Smart Padel Berlin,2026-09-15,Court 1,10:00,11:30,32.0,True
2026-09-15 05:14:29,Padel Berlin Mitte,2026-09-16,Court 1,10:00,11:30,32.0,True
2026-09-15 05:14:29,Smart Padel Berlin,2026-09-16,Court 1,10:00,11:30,32.0,True
2026-09-15 06:19:29,Padel Berlin Mitte,2026-09-15,Court 1,10:00,11:30,32.0,True
2026-09-15 06:19:29,Smart Padel Berlin,2026-09-15,Court 1,10:00,11:30,32.0,True
2026-09-15 06:19:29,Padel Berlin Mitte,2026-09-16,Court 1,10:00,11:30,32.0,True
2026-09-15 06:19:29,Smart Padel Berlin,2026-09-16,Court 1,10:00,11:30,32.0,True
2026-09-15 07:16:32,Padel Berlin Mitte,2026-09-15,Court 1,10:00,11:30,32.0,True
2026-09-15 07:16:32,Smart Padel Berlin,2026-09-15,Court 1,10:00,11:30,32.0,True
2026-09-15 07:16:32,Padel Berlin Mitte,2026-09-16,Court 1,10:00,11:30,32.0,True
2026-09-15 07:16:32,Smart Padel Berlin,2026-09-16,Court 1,10:00,11:30,32.0,True
2026-09-15 08:16:53,Padel Berlin Mitte,2026-09-15,Court 1,10:00,11:30,32.0,True
2026-09-15 08:16:53,Smart Padel Berlin,2026-09-15,Court 1,10:00,11:30,32.0,True
2026-09-15 08:16:53,Padel Berlin Mitte,2026-09-16,Court 1,10:00,11:30,32.0,True
2026-09-15 08:16:53,Smart Padel Berlin,2026-09-16,Court 1,10:00,11:30,32.0,True
2026-09-15 09:16:35,Padel Berlin Mitte,2026-09-15,Court 1,10:00,11:30,32.0,True
2026-09-15 09:16:35,Smart Padel Berlin,2026-09-15,Court 1,10:00,11:30,32.0,True
2026-09-15 09:16:35,Padel Berlin Mitte,2026-09-16,Court 1,10:00,11:30,32.0,True
2026-09-15 09:16:35,Smart Padel Berlin,2026-09-16,Court 1,10:00,11:30,32.0,True
2026-09-15 10:15:06,Padel Berlin Mitte,2026-09-15,Court 1,10:00,11:30,32.0,True
2026-09-15 10:15:06,Smart Padel Berlin,2026-09-15,Court 1,10:00,11:30,32.0,True
2026-09-15 10:15:06,Padel Berlin Mitte,2026-09-16,Court 1,10:00,11:30,32.0,True
2026-09-15 10:15:06,Smart Padel Berlin,2026-09-16,Court 1,10:00,11:30,32.0,True
2026-09-15 11:14:03,Padel Berlin Mitte,2026-09-15,Court 1,10:00,11:30,32.0,True
2026-09-15 11:14:03,Smart Padel Berlin,2026-09-15,Court 1,10:00,11:30,32.0,True
2026-09-15 11:14:03,Padel Berlin Mitte,2026-09-16,Court 1,10:00,11:30,32.0,True
2026-09-15 11:14:03,Smart Padel Berlin,2026-09-16,Court 1,10:00,11:30,32.0,True
2026-09-15 12:18:25,Padel Berlin Mitte,2026-09-15,Court 1,10:00,11:30,32.0,True
2026-09-15 12:18:25,Smart Padel Berlin,2026-09-15,Court 1,10:00,11:30,32.0,True
2026-09-15 12:18:25,Padel Berlin Mitte,2026-09-16,Court 1,10:00,11:30,32.0,True
2026-09-15 12:18:25,Smart Padel Berlin,2026-09-16,Court 1,10:00,11:30,32.0,True
2026-09-15 13:15:47,Padel Berlin Mitte,2026-09-15,Court 1,10:00,11:30,32.0,True
2026-09-15 13:15:47,Smart Padel Berlin,2026-09-15,Court 1,10:00,11:30,32.0,True
2026-09-15 13:15:47,Padel Berlin Mitte,2026-09-16,Court 1,10:00,11:30,32.0,True
2026-09-15 13:15:47,Smart Padel Berlin,2026-09-16,Court 1,10:00,11:30,32.0,True
2026-09-15 14:15:27,Padel Berlin Mitte,2026-09-15,Court 1,10:00,11:30,32.0,True
2026-09-15 14:15:27,Smart Padel Berlin,2026-09-15,Court 1,10:00,11:30,32.0,True
2026-09-15 14:15:27,Padel Berlin Mitte,2026-09-16,Court 1,10:00,11:30,32.0,True
2026-09-15 14:15:27,Smart Padel Berlin,2026-09-16,Court 1,10:00,11:30,32.0,True
2026-09-15 15:14:24,Padel Berlin Mitte,2026-09-15,Court 1,10:00,11:30,32.0,True
2026-09-15 15:14:24,Smart Padel Berlin,2026-09-15,Court 1,10:00,11:30,32.0,True
2026-09-15 15:14:24,Padel Berlin Mitte,2026-09-16,Court 1,10:00,11:30,32.0,True
2026-09-15 15:14:24,Smart Padel Berlin,2026-09-16,Court 1,10:00,11:30,32.0,True
2026-09-15 16:14:58,Padel Berlin Mitte,2026-09-15,Court 1,10:00,11:30,32.0,True
2026-09-15 16:14:58,Smart Padel Berlin,2026-09-15,Court 1,10:00,11:30,32.0,True
2026-09-15 16:14:58,Padel Berlin Mitte,2026-09-16,Court 1,10:00,11:30,32.0,True
2026-09-15 16:14:58,Smart Padel Berlin,2026-09-16,Court 1,10:00,11:30,32.0,True
2026-09-15 17:13:00,Padel Berlin Mitte,2026-09-15,Court 1,10:00,11:30,32.0,True
2026-09-15 17:13:00,Smart Padel Berlin,2026-09-15,Court 1,10:00,11:30,32.0,True
2026-09-15 17:13:00,Padel Berlin Mitte,2026-09-16,Court 1,10:00,11:30,32.0,True
2026-09-15 17:13:00,Smart Padel Berlin,2026-09-16,Court 1,10:00,11:30,32.0,True
2026-09-15 18:15:26,Padel Berlin Mitte,2026-09-15,Court 1,10:00,11:30,32.0,True
2026-09-15 18:15:26,Smart Padel Berlin,2026-09-15,Court 1,10:00,11:30,32.0,True
2026-09-15 18:15:26,Padel Berlin Mitte,2026-09-16,Court 1,10:00,11:30,32.0,True
2026-09-15 18:15:26,Smart Padel Berlin,2026-09-16,Court 1,10:00,11:30,32.0,True
2026-09-15 19:12:53,Padel Berlin Mitte,2026-09-15,Court 1,10:00,11:30,32.0,True
2026-09-15 19:12:53,Smart Padel Berlin,2026-09-15,Court 1,10:00,11:30,32.0,True
2026-09-15 19:12:53,Padel Berlin Mitte,2026-09-16,Court 1,10:00,11:30,32.0,True
2026-09-15 19:12:53,Smart Padel Berlin,2026-09-16,Court 1,10:00,11:30,32.0,True
2026-09-15 20:15:02,Padel Berlin Mitte,2026-09-15,Court 1,10:00,11:30,32.0,True
2026-09-15 20:15:02,Smart Padel Berlin,2026-09-15,Court 1,10:00,11:30,32.0,True
2026-09-15 20:15:02,Padel Berlin Mitte,2026-09-16,Court 1,10:00,11:30,32.0,True
2026-09-15 20:15:02,Smart Padel Berlin,2026-09-16,Court 1,10:00,11:30,32.0,True
2026-09-15 21:13:52,Padel Berlin Mitte,2026-09-15,Court 1,10:00,11:30,32.0,True
2026-09-15 21:13:52,Smart Padel Berlin,2026-09-15,Court 1,10:00,11:30,32.0,True
2026-09-15 21:13:52,Padel Berlin Mitte,2026-09-16,Court 1,10:00,11:30,32.0,True
2026-09-15 21:13:52,Smart Padel Berlin,2026-09-16,Court 1,10:00,11:30,32.0,True
2026-09-15 22:14:34,Padel Berlin Mitte,2026-09-15,Court 1,10:00,11:30,32.0,True
2026-09-15 22:14:34,Smart Padel Berlin,2026-09-15,Court 1,10:00,11:30,32.0,True
2026-09-15 22:14:34,Padel Berlin Mitte,2026-09-16,Court 1,10:00,11:30,32.0,True
2026-09-15 22:14:34,Smart Padel Berlin,2026-09-16,Court 1,10:00,11:30,32.0,True
2026-09-15 23:13:05,Padel Berlin Mitte,2026-09-15,Court 1,10:00,11:30,32.0,True
2026-09-15 23:13:05,Smart Padel Berlin,2026-09-15,Court 1,10:00,11:30,32.0,True
2026-09-15 23:13:05,Padel Berlin Mitte,2026-09-16,Court 1,10:00,11:30,32.0,True
2026-09-15 23:13:05,Smart Padel Berlin,2026-09-16,Court 1,10:00,11:30,32.0,True
2026-09-16 00:19:16,Padel Berlin Mitte,2026-09-16,Court 1,10:00,11:30,32.0,True
2026-09-16 00:19:16,Smart Padel Berlin,2026-09-16,Court 1,10:00,11:30,32.0,True
2026-09-16 00:19:16,Padel Berlin Mitte,2026-09-17,Court 1,10:00,11:30,32.0,True
2026-09-16 00:19:16,Smart Padel Berlin,2026-09-17,Court 1,10:00,11:30,32.0,True
2026-09-16 01:13:24,Padel Berlin Mitte,2026-09-16,Court 1,10:00,11:30,32.0,True
2026-09-16 01:13:24,Smart Padel Berlin,2026-09-16,Court 1,10:00,11:30,32.0,True
2026-09-16 01:13:24,Padel Berlin Mitte,2026-09-17,Court 1,10:00,11:30,32.0,True
2026-09-16 01:13:24,Smart Padel Berlin,2026-09-17,Court 1,10:00,11:30,32.0,True
2026-09-16 02:14:25,Padel Berlin Mitte,2026-09-16,Court 1,10:00,11:30,32.0,True
2026-09-16 02:14:25,Smart Padel Berlin,2026-09-16,Court 1,10:00,11:30,32.0,True
2026-09-16 02:14:25,Padel Berlin Mitte,2026-09-17,Court 1,10:00,11:30,32.0,True
2026-09-16 02:14:25,Smart Padel Berlin,2026-09-17,Court 1,10:00,11:30,32.0,True
2026-09-16 03:14:25,Padel Berlin Mitte,2026-09-16,Court 1,10:00,11:30,32.0,True
2026-09-16 03:14:25,Smart Padel Berlin,2026-09-16,Court 1,10:00,11:30,32.0,True
2026-09-16 03:14:25,Padel Berlin Mitte,2026-09-17,Court 1,10:00,11:30,32.0,True
2026-09-16 03:14:25,Smart Padel Berlin,2026-09-17,Court 1,10:00,11:30,32.0,True
2026-09-16 04:14:40,Padel Berlin Mitte,2026-09-16,Court 1,10:00,11:30,32.0,True
2026-09-16 04:14:40,Smart Padel Berlin,2026-09-16,Court 1,10:00,11:30,32.0,True
2026-09-16 04:14:40,Padel Berlin Mitte,2026-09-17,Court 1,10:00,11:30,32.0,True
2026-09-16 04:14:40,Smart Padel Berlin,2026-09-17,Court 1,10:00,11:30,32.0,True
2026-09-16 05:13:29,Padel Berlin Mitte,2026-09-16,Court 1,10:00,11:30,32.0,True
2026-09-16 05:13:29,Smart Padel Berlin,2026-09-16,Court 1,10:00,11:30,32.0,True
2026-09-16 05:13:29,Padel Berlin Mitte,2026-09-17,Court 1,10:00,11:30,32.0,True
2026-09-16 05:13:29,Smart Padel Berlin,2026-09-17,Court 1,10:00,11:30,32.0,True
2026-09-16 06:18:53,Padel Berlin Mitte,2026-09-16,Court 1,10:00,11:30,32.0,True
2026-09-16 06:18:53,Smart Padel Berlin,2026-09-16,Court 1,10:00,11:30,32.0,True
2026-09-16 06:18:53,Padel Berlin Mitte,2026-09-17,Court 1,10:00,11:30,32.0,True
2026-09-16 06:18:53,Smart Padel Berlin,2026-09-17,Court 1,10:00,11:30,32.0,True
2026-09-16 07:15:22,Padel Berlin Mitte,2026-09-16,Court 1,10:00,11:30,32.0,True
2026-09-16 07:15:22,Smart Padel Berlin,2026-09-16,Court 1,10:00,11:30,32.0,True
2026-09-16 07:15:22,Padel Berlin Mitte,2026-09-17,Court 1,10:00,11:30,32.0,True
2026-09-16 07:15:22,Smart Padel Berlin,2026-09-17,Court 1,10:00,11:30,32.0,True
2026-09-16 08:15:34,Padel Berlin Mitte,2026-09-16,Court 1,10:00,11:30,32.0,True
2026-09-16 08:15:34,Smart Padel Berlin,2026-09-16,Court 1,10:00,11:30,32.0,True
2026-09-16 08:15:34,Padel Berlin Mitte,2026-09-17,Court 1,10:00,11:30,32.0,True
2026-09-16 08:15:34,Smart Padel Berlin,2026-09-17,Court 1,10:00,11:30,32.0,True
2026-09-16 09:14:54,Padel Berlin Mitte,2026-09-16,Court 1,10:00,11:30,32.0,True
2026-09-16 09:14:54,Smart Padel Berlin,2026-09-16,Court 1,10:00,11:30,32.0,True
2026-09-16 09:14:54,Padel Berlin Mitte,2026-09-17,Court 1,10:00,11:30,32.0,True
2026-09-16 09:14:54,Smart Padel Berlin,2026-09-17,Court 1,10:00,11:30,32.0,True
2026-09-16 10:15:38,Padel Berlin Mitte,2026-09-16,Court 1,10:00,11:30,32.0,True
2026-09-16 10:15:38,Smart Padel Berlin,2026-09-16,Court 1,10:00,11:30,32.0,True
2026-09-16 10:15:38,Padel Berlin Mitte,2026-09-17,Court 1,10:00,11:30,32.0,True
2026-09-16 10:15:38,Smart Padel Berlin,2026-09-17,Court 1,10:00,11:30,32.0,True
2026-09-16 11:14:37,Padel Berlin Mitte,2026-09-16,Court 1,10:00,11:30,32.0,True
2026-09-16 11:14:37,Smart Padel Berlin,2026-09-16,Court 1,10:00,11:30,32.0,True
2026-09-16 11:14:37,Padel Berlin Mitte,2026-09-17,Court 1,10:00,11:30,32.0,True
2026-09-16 11:14:37,Smart Padel Berlin,2026-09-17,Court 1,10:00,11:30,32.0,True
2026-09-16 12:18:51,Padel Berlin Mitte,2026-09-16,Court 1,10:00,11:30,32.0,True
2026-09-16 12:18:51,Smart Padel Berlin,2026-09-16,Court 1,10:00,11:30,32.0,True
2026-09-16 12:18:51,Padel Berlin Mitte,2026-09-17,Court 1,10:00,11:30,32.0,True
2026-09-16 12:18:51,Smart Padel Berlin,2026-09-17,Court 1,10:00,11:30,32.0,True
2026-09-16 13:16:07,Padel Berlin Mitte,2026-09-16,Court 1,10:00,11:30,32.0,True
2026-09-16 13:16:07,Smart Padel Berlin,2026-09-16,Court 1,10:00,11:30,32.0,True
2026-09-16 13:16:07,Padel Berlin Mitte,2026-09-17,Court 1,10:00,11:30,32.0,True
2026-09-16 13:16:07,Smart Padel Berlin,2026-09-17,Court 1,10:00,11:30,32.0,True
2026-09-16 14:15:41,Padel Berlin Mitte,2026-09-16,Court 1,10:00,11:30,32.0,True
2026-09-16 14:15:41,Smart Padel Berlin,2026-09-16,Court 1,10:00,11:30,32.0,True
2026-09-16 14:15:41,Padel Berlin Mitte,2026-09-17,Court 1,10:00,11:30,32.0,True
2026-09-16 14:15:41,Smart Padel Berlin,2026-09-17,Court 1,10:00,11:30,32.0,True
2026-09-16 15:14:31,Padel Berlin Mitte,2026-09-16,Court 1,10:00,11:30,32.0,True
2026-09-16 15:14:31,Smart Padel Berlin,2026-09-16,Court 1,10:00,11:30,32.0,True
2026-09-16 15:14:31,Padel Berlin Mitte,2026-09-17,Court 1,10:00,11:30,32.0,True
2026-09-16 15:14:31,Smart Padel Berlin,2026-09-17,Court 1,10:00,11:30,32.0,True
2026-09-16 16:14:50,Padel Berlin Mitte,2026-09-16,Court 1,10:00,11:30,32.0,True
2026-09-16 16:14:50,Smart Padel Berlin,2026-09-16,Court 1,10:00,11:30,32.0,True
2026-09-16 16:14:50,Padel Berlin Mitte,2026-09-17,Court 1,10:00,11:30,32.0,True
2026-09-16 16:14:50,Smart Padel Berlin,2026-09-17,Court 1,10:00,11:30,32.0,True
2026-09-16 17:13:00,Padel Berlin Mitte,2026-09-16,Court 1,10:00,11:30,32.0,True
2026-09-16 17:13:00,Smart Padel Berlin,2026-09-16,Court 1,10:00,11:30,32.0,True
2026-09-16 17:13:00,Padel Berlin Mitte,2026-09-17,Court 1,10:00,11:30,32.0,True
2026-09-16 17:13:00,Smart Padel Berlin,2026-09-17,Court 1,10:00,11:30,32.0,True
2026-09-16 18:16:48,Padel Berlin Mitte,2026-09-16,Court 1,10:00,11:30,32.0,True
2026-09-16 18:16:48,Smart Padel Berlin,2026-09-16,Court 1,10:00,11:30,32.0,True
2026-09-16 18:16:48,Padel Berlin Mitte,2026-09-17,Court 1,10:00,11:30,32.0,True
2026-09-16 18:16:48,Smart Padel Berlin,2026-09-17,Court 1,10:00,11:30,32.0,True
2026-09-16 19:13:08,Padel Berlin Mitte,2026-09-16,Court 1,10:00,11:30,32.0,True
2026-09-16 19:13:08,Smart Padel Berlin,2026-09-16,Court 1,10:00,11:30,32.0,True
2026-09-16 19:13:08,Padel Berlin Mitte,2026-09-17,Court 1,10:00,11:30,32.0,True
2026-09-16 19:13:08,Smart Padel Berlin,2026-09-17,Court 1,10:00,11:30,32.0,True
2026-09-16 20:15:12,Padel Berlin Mitte,2026-09-16,Court 1,10:00,11:30,32.0,True
2026-09-16 20:15:12,Smart Padel Berlin,2026-09-16,Court 1,10:00,11:30,32.0,True
2026-09-16 20:15:12,Padel Berlin Mitte,2026-09-17,Court 1,10:00,11:30,32.0,True
2026-09-16 20:15:12,Smart Padel Berlin,2026-09-17,Court 1,10:00,11:30,32.0,True
2026-09-16 21:15:24,Padel Berlin Mitte,2026-09-16,Court 1,10:00,11:30,32.0,True
2026-09-16 21:15:24,Smart Padel Berlin,2026-09-16,Court 1,10:00,11:30,32.0,True
2026-09-16 21:15:24,Padel Berlin Mitte,2026-09-17,Court 1,10:00,11:30,32.0,True
2026-09-16 21:15:24,Smart Padel Berlin,2026-09-17,Court 1,10:00,11:30,32.0,True
2026-09-16 22:13:52,Padel Berlin Mitte,2026-09-16,Court 1,10:00,11:30,32.0,True
2026-09-16 22:13:52,Smart Padel Berlin,2026-09-16,Court 1,10:00,11:30,32.0,True
2026-09-16 22:13:52,Padel Berlin Mitte,2026-09-17,Court 1,10:00,11:30,32.0,True
2026-09-16 22:13:52,Smart Padel Berlin,2026-09-17,Court 1,10:00,11:30,32.0,True
2026-09-16 23:13:15,Padel Berlin Mitte,2026-09-16,Court 1,10:00,11:30,32.0,True
2026-09-16 23:13:15,Smart Padel Berlin,2026-09-16,Court 1,10:00,11:30,32.0,True
2026-09-16 23:13:15,Padel Berlin Mitte,2026-09-17,Court 1,10:00,11:30,32.0,True
2026-09-16 23:13:15,Smart Padel Berlin,2026-09-17,Court 1,10:00,11:30,32.0,True
2026-09-17 00:19:21,Padel Berlin Mitte,2026-09-17,Court 1,10:00,11:30,32.0,True
2026-09-17 00:19:21,Smart Padel Berlin,2026-09-17,Court 1,10:00,11:30,32.0,True
2026-09-17 00:19:21,Padel Berlin Mitte,2026-09-18,Court 1,10:00,11:30,32.0,True
2026-09-17 00:19:21,Smart Padel Berlin,2026-09-18,Court 1,10:00,11:30,32.0,True
2026-09-17 01:14:04,Padel Berlin Mitte,2026-09-17,Court 1,10:00,11:30,32.0,True
2026-09-17 01:14:04,Smart Padel Berlin,2026-09-17,Court 1,10:00,11:30,32.0,True
2026-09-17 01:14:04,Padel Berlin Mitte,2026-09-18,Court 1,10:00,11:30,32.0,True
2026-09-17 01:14:04,Smart Padel Berlin,2026-09-18,Court 1,10:00,11:30,32.0,True
2026-09-17 02:14:20,Padel Berlin Mitte,2026-09-17,Court 1,10:00,11:30,32.0,True
2026-09-17 02:14:20,Smart Padel Berlin,2026-09-17,Court 1,10:00,11:30,32.0,True
2026-09-17 02:14:20,Padel Berlin Mitte,2026-09-18,Court 1,10:00,11:30,32.0,True
2026-09-17 02:14:20,Smart Padel Berlin,2026-09-18,Court 1,10:00,11:30,32.0,True
2026-09-17 03:14:36,Padel Berlin Mitte,2026-09-17,Court 1,10:00,11:30,32.0,True
2026-09-17 03:14:36,Smart Padel Berlin,2026-09-17,Court 1,10:00,11:30,32.0,True
2026-09-17 03:14:36,Padel Berlin Mitte,2026-09-18,Court 1,10:00,11:30,32.0,True
2026-09-17 03:14:36,Smart Padel Berlin,2026-09-18,Court 1,10:00,11:30,32.0,True
2026-09-17 04:15:11,Padel Berlin Mitte,2026-09-17,Court 1,10:00,11:30,32.0,True
2026-09-17 04:15:11,Smart Padel Berlin,2026-09-17,Court 1,10:00,11:30,32.0,True
2026-09-17 04:15:11,Padel Berlin Mitte,2026-09-18,Court 1,10:00,11:30,32.0,True
2026-09-17 04:15:11,Smart Padel Berlin,2026-09-18,Court 1,10:00,11:30,32.0,True
2026-09-17 05:14:10,Padel Berlin Mitte,2026-09-17,Court 1,10:00,11:30,32.0,True
2026-09-17 05:14:10,Smart Padel Berlin,2026-09-17,Court 1,10:00,11:30,32.0,True
2026-09-17 05:14:10,Padel Berlin Mitte,2026-09-18,Court 1,10:00,11:30,32.0,True
2026-09-17 05:14:10,Smart Padel Berlin,2026-09-18,Court 1,10:00,11:30,32.0,True
2026-09-17 06:19:20,Padel Berlin Mitte,2026-09-17,Court 1,10:00,11:30,32.0,True
2026-09-17 06:19:20,Smart Padel Berlin,2026-09-17,Court 1,10:00,11:30,32.0,True
2026-09-17 06:19:20,Padel Berlin Mitte,2026-09-18,Court 1,10:00,11:30,32.0,True
2026-09-17 06:19:20,Smart Padel Berlin,2026-09-18,Court 1,10:00,11:30,32.0,True
2026-09-17 07:16:06,Padel Berlin Mitte,2026-09-17,Court 1,10:00,11:30,32.0,True
2026-09-17 07:16:06,Smart Padel Berlin,2026-09-17,Court 1,10:00,11:30,32.0,True
2026-09-17 07:16:06,Padel Berlin Mitte,2026-09-18,Court 1,10:00,11:30,32.0,True
2026-09-17 07:16:06,Smart Padel Berlin,2026-09-18,Court 1,10:00,11:30,32.0,True
2026-09-17 08:16:27,Padel Berlin Mitte,2026-09-17,Court 1,10:00,11:30,32.0,True
2026-09-17 08:16:27,Smart Padel Berlin,2026-09-17,Court 1,10:00,11:30,32.0,True
2026-09-17 08:16:27,Padel Berlin Mitte,2026-09-18,Court 1,10:00,11:30,32.0,True
2026-09-17 08:16:27,Smart Padel Berlin,2026-09-18,Court 1,10:00,11:30,32.0,True
2026-09-17 09:15:01,Padel Berlin Mitte,2026-09-17,Court 1,10:00,11:30,32.0,True
2026-09-17 09:15:01,Smart Padel Berlin,2026-09-17,Court 1,10:00,11:30,32.0,True
2026-09-17 09:15:01,Padel Berlin Mitte,2026-09-18,Court 1,10:00,11:30,32.0,True
2026-09-17 09:15:01,Smart Padel Berlin,2026-09-18,Court 1,10:00,11:30,32.0,True
2026-09-17 10:14:49,Padel Berlin Mitte,2026-09-17,Court 1,10:00,11:30,32.0,True
2026-09-17 10:14:49,Smart Padel Berlin,2026-09-17,Court 1,10:00,11:30,32.0,True
2026-09-17 10:14:49,Padel Berlin Mitte,2026-09-18,Court 1,10:00,11:30,32.0,True
2026-09-17 10:14:49,Smart Padel Berlin,2026-09-18,Court 1,10:00,11:30,32.0,True
2026-09-17 11:14:07,Padel Berlin Mitte,2026-09-17,Court 1,10:00,11:30,32.0,True
2026-09-17 11:14:07,Smart Padel Berlin,2026-09-17,Court 1,10:00,11:30,32.0,True
2026-09-17 11:14:07,Padel Berlin Mitte,2026-09-18,Court 1,10:00,11:30,32.0,True
2026-09-17 11:14:07,Smart Padel Berlin,2026-09-18,Court 1,10:00,11:30,32.0,True
2026-09-17 12:18:31,Padel Berlin Mitte,2026-09-17,Court 1,10:00,11:30,32.0,True
2026-09-17 12:18:31,Smart Padel Berlin,2026-09-17,Court 1,10:00,11:30,32.0,True
2026-09-17 12:18:31,Padel Berlin Mitte,2026-09-18,Court 1,10:00,11:30,32.0,True
2026-09-17 12:18:31,Smart Padel Berlin,2026-09-18,Court 1,10:00,11:30,32.0,True
2026-09-17 13:15:53,Padel Berlin Mitte,2026-09-17,Court 1,10:00,11:30,32.0,True
2026-09-17 13:15:53,Smart Padel Berlin,2026-09-17,Court 1,10:00,11:30,32.0,True
2026-09-17 13:15:53,Padel Berlin Mitte,2026-09-18,Court 1,10:00,11:30,32.0,True
2026-09-17 13:15:53,Smart Padel Berlin,2026-09-18,Court 1,10:00,11:30,32.0,True
2026-09-17 14:15:52,Padel Berlin Mitte,2026-09-17,Court 1,10:00,11:30,32.0,True
2026-09-17 14:15:52,Smart Padel Berlin,2026-09-17,Court 1,10:00,11:30,32.0,True
2026-09-17 14:15:52,Padel Berlin Mitte,2026-09-18,Court 1,10:00,11:30,32.0,True
2026-09-17 14:15:52,Smart Padel Berlin,2026-09-18,Court 1,10:00,11:30,32.0,True
2026-09-17 15:14:58,Padel Berlin Mitte,2026-09-17,Court 1,10:00,11:30,32.0,True
2026-09-17 15:14:58,Smart Padel Berlin,2026-09-17,Court 1,10:00,11:30,32.0,True
2026-09-17 15:14:58,Padel Berlin Mitte,2026-09-18,Court 1,10:00,11:30,32.0,True
2026-09-17 15:14:58,Smart Padel Berlin,2026-09-18,Court 1,10:00,11:30,32.0,True
2026-09-17 16:15:42,Padel Berlin Mitte,2026-09-17,Court 1,10:00,11:30,32.0,True
2026-09-17 16:15:42,Smart Padel Berlin,2026-09-17,Court 1,10:00,11:30,32.0,True
2026-09-17 16:15:42,Padel Berlin Mitte,2026-09-18,Court 1,10:00,11:30,32.0,True
2026-09-17 16:15:42,Smart Padel Berlin,2026-09-18,Court 1,10:00,11:30,32.0,True
2026-09-17 17:12:36,Padel Berlin Mitte,2026-09-17,Court 1,10:00,11:30,32.0,True
2026-09-17 17:12:36,Smart Padel Berlin,2026-09-17,Court 1,10:00,11:30,32.0,True
2026-09-17 17:12:36,Padel Berlin Mitte,2026-09-18,Court 1,10:00,11:30,32.0,True
2026-09-17 17:12:36,Smart Padel Berlin,2026-09-18,Court 1,10:00,11:30,32.0,True
2026-09-17 18:17:06,Padel Berlin Mitte,2026-09-17,Court 1,10:00,11:30,32.0,True
2026-09-17 18:17:06,Smart Padel Berlin,2026-09-17,Court 1,10:00,11:30,32.0,True
2026-09-17 18:17:06,Padel Berlin Mitte,2026-09-18,Court 1,10:00,11:30,32.0,True
2026-09-17 18:17:06,Smart Padel Berlin,2026-09-18,Court 1,10:00,11:30,32.0,True
2026-09-17 19:12:40,Padel Berlin Mitte,2026-09-17,Court 1,10:00,11:30,32.0,True
2026-09-17 19:12:40,Smart Padel Berlin,2026-09-17,Court 1,10:00,11:30,32.0,True
2026-09-17 19:12:40,Padel Berlin Mitte,2026-09-18,Court 1,10:00,11:30,32.0,True
2026-09-17 19:12:40,Smart Padel Berlin,2026-09-18,Court 1,10:00,11:30,32.0,True
2026-09-17 20:15:16,Padel Berlin Mitte,2026-09-17,Court 1,10:00,11:30,32.0,True
2026-09-17 20:15:16,Smart Padel Berlin,2026-09-17,Court 1,10:00,11:30,32.0,True
2026-09-17 20:15:16,Padel Berlin Mitte,2026-09-18,Court 1,10:00,11:30,32.0,True
2026-09-17 20:15:16,Smart Padel Berlin,2026-09-18,Court 1,10:00,11:30,32.0,True
2026-09-17 21:14:17,Padel Berlin Mitte,2026-09-17,Court 1,10:00,11:30,32.0,True
2026-09-17 21:14:17,Smart Padel Berlin,2026-09-17,Court 1,10:00,11:30,32.0,True
2026-09-17 21:14:17,Padel Berlin Mitte,2026-09-18,Court 1,10:00,11:30,32.0,True
2026-09-17 21:14:17,Smart Padel Berlin,2026-09-18,Court 1,10:00,11:30,32.0,True
2026-09-17 22:13:34,Padel Berlin Mitte,2026-09-17,Court 1,10:00,11:30,32.0,True
2026-09-17 22:13:34,Smart Padel Berlin,2026-09-17,Court 1,10:00,11:30,32.0,True
2026-09-17 22:13:34,Padel Berlin Mitte,2026-09-18,Court 1,10:00,11:30,32.0,True
2026-09-17 22:13:34,Smart Padel Berlin,2026-09-18,Court 1,10:00,11:30,32.0,True
2026-09-17 23:11:36,Padel Berlin Mitte,2026-09-17,Court 1,10:00,11:30,32.0,True
2026-09-17 23:11:36,Smart Padel Berlin,2026-09-17,Court 1,10:00,11:30,32.0,True
2026-09-17 23:11:36,Padel Berlin Mitte,2026-09-18,Court 1,10:00,11:30,32.0,True
2026-09-17 23:11:36,Smart Padel Berlin,2026-09-18,Court 1,10:00,11:30,32.0,True
2026-09-18 00:19:33,Padel Berlin Mitte,2026-09-18,Court 1,10:00,11:30,32.0,True
2026-09-18 00:19:33,Smart Padel Berlin,2026-09-18,Court 1,10:00,11:30,32.0,True
2026-09-18 00:19:33,Padel Berlin Mitte,2026-09-19,Court 1,10:00,11:30,32.0,True
2026-09-18 00:19:33,Smart Padel Berlin,2026-09-19,Court 1,10:00,11:30,32.0,True
2026-09-18 01:13:18,Padel Berlin Mitte,2026-09-18,Court 1,10:00,11:30,32.0,True
2026-09-18 01:13:18,Smart Padel Berlin,2026-09-18,Court 1,10:00,11:30,32.0,True
2026-09-18 01:13:18,Padel Berlin Mitte,2026-09-19,Court 1,10:00,11:30,32.0,True
2026-09-18 01:13:18,Smart Padel Berlin,2026-09-19,Court 1,10:00,11:30,32.0,True
2026-09-18 02:14:22,Padel Berlin Mitte,2026-09-18,Court 1,10:00,11:30,32.0,True
2026-09-18 02:14:22,Smart Padel Berlin,2026-09-18,Court 1,10:00,11:30,32.0,True
2026-09-18 02:14:22,Padel Berlin Mitte,2026-09-19,Court 1,10:00,11:30,32.0,True
2026-09-18 02:14:22,Smart Padel Berlin,2026-09-19,Court 1,10:00,11:30,32.0,True
2026-09-18 03:14:13,Padel Berlin Mitte,2026-09-18,Court 1,10:00,11:30,32.0,True
2026-09-18 03:14:13,Smart Padel Berlin,2026-09-18,Court 1,10:00,11:30,32.0,True
2026-09-18 03:14:13,Padel Berlin Mitte,2026-09-19,Court 1,10:00,11:30,32.0,True
2026-09-18 03:14:13,Smart Padel Berlin,2026-09-19,Court 1,10:00,11:30,32.0,True
2026-09-18 04:14:14,Padel Berlin Mitte,2026-09-18,Court 1,10:00,11:30,32.0,True
2026-09-18 04:14:14,Smart Padel Berlin,2026-09-18,Court 1,10:00,11:30,32.0,True
2026-09-18 04:14:14,Padel Berlin Mitte,2026-09-19,Court 1,10:00,11:30,32.0,True
2026-09-18 04:14:14,Smart Padel Berlin,2026-09-19,Court 1,10:00,11:30,32.0,True
2026-09-18 05:12:59,Padel Berlin Mitte,2026-09-18,Court 1,10:00,11:30,32.0,True
2026-09-18 05:12:59,Smart Padel Berlin,2026-09-18,Court 1,10:00,11:30,32.0,True
2026-09-18 05:12:59,Padel Berlin Mitte,2026-09-19,Court 1,10:00,11:30,32.0,True
2026-09-18 05:12:59,Smart Padel Berlin,2026-09-19,Court 1,10:00,11:30,32.0,True
2026-09-18 06:18:13,Padel Berlin Mitte,2026-09-18,Court 1,10:00,11:30,32.0,True
2026-09-18 06:18:13,Smart Padel Berlin,2026-09-18,Court 1,10:00,11:30,32.0,True
2026-09-18 06:18:13,Padel Berlin Mitte,2026-09-19,Court 1,10:00,11:30,32.0,True
2026-09-18 06:18:13,Smart Padel Berlin,2026-09-19,Court 1,10:00,11:30,32.0,True
2026-09-18 07:14:39,Padel Berlin Mitte,2026-09-18,Court 1,10:00,11:30,32.0,True
2026-09-18 07:14:39,Smart Padel Berlin,2026-09-18,Court 1,10:00,11:30,32.0,True
2026-09-18 07:14:39,Padel Berlin Mitte,2026-09-19,Court 1,10:00,11:30,32.0,True
2026-09-18 07:14:39,Smart Padel Berlin,2026-09-19,Court 1,10:00,11:30,32.0,True
2026-09-18 08:15:02,Padel Berlin Mitte,2026-09-18,Court 1,10:00,11:30,32.0,True
2026-09-18 08:15:02,Smart Padel Berlin,2026-09-18,Court 1,10:00,11:30,32.0,True
2026-09-18 08:15:02,Padel Berlin Mitte,2026-09-19,Court 1,10:00,11:30,32.0,True
2026-09-18 08:15:02,Smart Padel Berlin,2026-09-19,Court 1,10:00,11:30,32.0,True
2026-09-18 09:14:02,Padel Berlin Mitte,2026-09-18,Court 1,10:00,11:30,32.0,True
2026-09-18 09:14:02,Smart Padel Berlin,2026-09-18,Court 1,10:00,11:30,32.0,True
2026-09-18 09:14:02,Padel Berlin Mitte,2026-09-19,Court 1,10:00,11:30,32.0,True
2026-09-18 09:14:02,Smart Padel Berlin,2026-09-19,Court 1,10:00,11:30,32.0,True
2026-09-18 10:14:39,Padel Berlin Mitte,2026-09-18,Court 1,10:00,11:30,32.0,True
2026-09-18 10:14:39,Smart Padel Berlin,2026-09-18,Court 1,10:00,11:30,32.0,True
2026-09-18 10:14:39,Padel Berlin Mitte,2026-09-19,Court 1,10:00,11:30,32.0,True
2026-09-18 10:14:39,Smart Padel Berlin,2026-09-19,Court 1,10:00,11:30,32.0,True
2026-09-18 11:13:27,Padel Berlin Mitte,2026-09-18,Court 1,10:00,11:30,32.0,True
2026-09-18 11:13:27,Smart Padel Berlin,2026-09-18,Court 1,10:00,11:30,32.0,True
2026-09-18 11:13:27,Padel Berlin Mitte,2026-09-19,Court 1,10:00,11:30,32.0,True
2026-09-18 11:13:27,Smart Padel Berlin,2026-09-19,Court 1,10:00,11:30,32.0,True
2026-09-18 12:17:35,Padel Berlin Mitte,2026-09-18,Court 1,10:00,11:30,32.0,True
2026-09-18 12:17:35,Smart Padel Berlin,2026-09-18,Court 1,10:00,11:30,32.0,True
2026-09-18 12:17:35,Padel Berlin Mitte,2026-09-19,Court 1,10:00,11:30,32.0,True
2026-09-18 12:17:35,Smart Padel Berlin,2026-09-19,Court 1,10:00,11:30,32.0,True
2026-09-18 13:13:18,Padel Berlin Mitte,2026-09-18,Court 1,10:00,11:30,32.0,True
2026-09-18 13:13:18,Smart Padel Berlin,2026-09-18,Court 1,10:00,11:30,32.0,True
2026-09-18 13:13:18,Padel Berlin Mitte,2026-09-19,Court 1,10:00,11:30,32.0,True
2026-09-18 13:13:18,Smart Padel Berlin,2026-09-19,Court 1,10:00,11:30,32.0,True
2026-09-18 14:14:29,Padel Berlin Mitte,2026-09-18,Court 1,10:00,11:30,32.0,True
2026-09-18 14:14:29,Smart Padel Berlin,2026-09-18,Court 1,10:00,11:30,32.0,True
2026-09-18 14:14:29,Padel Berlin Mitte,2026-09-19,Court 1,10:00,11:30,32.0,True
2026-09-18 14:14:29,Smart Padel Berlin,2026-09-19,Court 1,10:00,11:30,32.0,True
2026-09-18 15:13:44,Padel Berlin Mitte,2026-09-18,Court 1,10:00,11:30,32.0,True
2026-09-18 15:13:44,Smart Padel Berlin,2026-09-18,Court 1,10:00,11:30,32.0,True
2026-09-18 15:13:44,Padel Berlin Mitte,2026-09-19,Court 1,10:00,11:30,32.0,True
2026-09-18 15:13:44,Smart Padel Berlin,2026-09-19,Court 1,10:00,11:30,32.0,True
2026-09-18 16:13:26,Padel Berlin Mitte,2026-09-18,Court 1,10:00,11:30,32.0,True
2026-09-18 16:13:26,Smart Padel Berlin,2026-09-18,Court 1,10:00,11:30,32.0,True
2026-09-18 16:13:26,Padel Berlin Mitte,2026-09-19,Court 1,10:00,11:30,32.0,True
2026-09-18 16:13:26,Smart Padel Berlin,2026-09-19,Court 1,10:00,11:30,32.0,True
2026-09-18 17:12:40,Padel Berlin Mitte,2026-09-18,Court 1,10:00,11:30,32.0,True
2026-09-18 17:12:40,Smart Padel Berlin,2026-09-18,Court 1,10:00,11:30,32.0,True
2026-09-18 17:12:40,Padel Berlin Mitte,2026-09-19,Court 1,10:00,11:30,32.0,True
2026-09-18 17:12:40,Smart Padel Berlin,2026-09-19,Court 1,10:00,11:30,32.0,True
2026-09-18 18:16:00,Padel Berlin Mitte,2026-09-18,Court 1,10:00,11:30,32.0,True
2026-09-18 18:16:00,Smart Padel Berlin,2026-09-18,Court 1,10:00,11:30,32.0,True
2026-09-18 18:16:00,Padel Berlin Mitte,2026-09-19,Court 1,10:00,11:30,32.0,True
2026-09-18 18:16:00,Smart Padel Berlin,2026-09-19,Court 1,10:00,11:30,32.0,True
2026-09-18 19:13:25,Padel Berlin Mitte,2026-09-18,Court 1,10:00,11:30,32.0,True
2026-09-18 19:13:25,Smart Padel Berlin,2026-09-18,Court 1,10:00,11:30,32.0,True
2026-09-18 19:13:25,Padel Berlin Mitte,2026-09-19,Court 1,10:00,11:30,32.0,True
2026-09-18 19:13:25,Smart Padel Berlin,2026-09-19,Court 1,10:00,11:30,32.0,True
2026-09-18 20:13:59,Padel Berlin Mitte,2026-09-18,Court 1,10:00,11:30,32.0,True
2026-09-18 20:13:59,Smart Padel Berlin,2026-09-18,Court 1,10:00,11:30,32.0,True
2026-09-18 20:13:59,Padel Berlin Mitte,2026-09-19,Court 1,10:00,11:30,32.0,True
2026-09-18 20:13:59,Smart Padel Berlin,2026-09-19,Court 1,10:00,11:30,32.0,True
2026-09-18 21:12:41,Padel Berlin Mitte,2026-09-18,Court 1,10:00,11:30,32.0,True
2026-09-18 21:12:41,Smart Padel Berlin,2026-09-18,Court 1,10:00,11:30,32.0,True
2026-09-18 21:12:41,Padel Berlin Mitte,2026-09-19,Court 1,10:00,11:30,32.0,True
2026-09-18 21:12:41,Smart Padel Berlin,2026-09-19,Court 1,10:00,11:30,32.0,True
2026-09-18 22:13:44,Padel Berlin Mitte,2026-09-18,Court 1,10:00,11:30,32.0,True
2026-09-18 22:13:44,Smart Padel Berlin,2026-09-18,Court 1,10:00,11:30,32.0,True
2026-09-18 22:13:44,Padel Berlin Mitte,2026-09-19,Court 1,10:00,11:30,32.0,True
2026-09-18 22:13:44,Smart Padel Berlin,2026-09-19,Court 1,10:00,11:30,32.0,True
2026-09-18 23:13:26,Padel Berlin Mitte,2026-09-18,Court 1,10:00,11:30,32.0,True
2026-09-18 23:13:26,Smart Padel Berlin,2026-09-18,Court 1,10:00,11:30,32.0,True
2026-09-18 23:13:26,Padel Berlin Mitte,2026-09-19,Court 1,10:00,11:30,32.0,True
2026-09-18 23:13:26,Smart Padel Berlin,2026-09-19,Court 1,10:00,11:30,32.0,True
2026-09-19 00:19:22,Padel Berlin Mitte,2026-09-19,Court 1,10:00,11:30,32.0,True
2026-09-19 00:19:22,Smart Padel Berlin,2026-09-19,Court 1,10:00,11:30,32.0,True
2026-09-19 00:19:22,Padel Berlin Mitte,2026-09-20,Court 1,10:00,11:30,32.0,True
2026-09-19 00:19:22,Smart Padel Berlin,2026-09-20,Court 1,10:00,11:30,32.0,True
2026-09-19 01:12:00,Padel Berlin Mitte,2026-09-19,Court 1,10:00,11:30,32.0,True
2026-09-19 01:12:00,Smart Padel Berlin,2026-09-19,Court 1,10:00,11:30,32.0,True
2026-09-19 01:12:00,Padel Berlin Mitte,2026-09-20,Court 1,10:00,11:30,32.0,True
2026-09-19 01:12:00,Smart Padel Berlin,2026-09-20,Court 1,10:00,11:30,32.0,True
2026-09-19 02:13:54,Padel Berlin Mitte,2026-09-19,Court 1,10:00,11:30,32.0,True
2026-09-19 02:13:54,Smart Padel Berlin,2026-09-19,Court 1,10:00,11:30,32.0,True
2026-09-19 02:13:54,Padel Berlin Mitte,2026-09-20,Court 1,10:00,11:30,32.0,True
2026-09-19 02:13:54,Smart Padel Berlin,2026-09-20,Court 1,10:00,11:30,32.0,True
2026-09-19 03:13:40,Padel Berlin Mitte,2026-09-19,Court 1,10:00,11:30,32.0,True
2026-09-19 03:13:40,Smart Padel Berlin,2026-09-19,Court 1,10:00,11:30,32.0,True
2026-09-19 03:13:40,Padel Berlin Mitte,2026-09-20,Court 1,10:00,11:30,32.0,True
2026-09-19 03:13:40,Smart Padel Berlin,2026-09-20,Court 1,10:00,11:30,32.0,True
2026-09-19 04:13:57,Padel Berlin Mitte,2026-09-19,Court 1,10:00,11:30,32.0,True
2026-09-19 04:13:57,Smart Padel Berlin,2026-09-19,Court 1,10:00,11:30,32.0,True
2026-09-19 04:13:57,Padel Berlin Mitte,2026-09-20,Court 1,10:00,11:30,32.0,True
2026-09-19 04:13:57,Smart Padel Berlin,2026-09-20,Court 1,10:00,11:30,32.0,True
2026-09-19 05:12:31,Padel Berlin Mitte,2026-09-19,Court 1,10:00,11:30,32.0,True
2026-09-19 05:12:31,Smart Padel Berlin,2026-09-19,Court 1,10:00,11:30,32.0,True
2026-09-19 05:12:31,Padel Berlin Mitte,2026-09-20,Court 1,10:00,11:30,32.0,True
2026-09-19 05:12:31,Smart Padel Berlin,2026-09-20,Court 1,10:00,11:30,32.0,True
2026-09-19 06:17:30,Padel Berlin Mitte,2026-09-19,Court 1,10:00,11:30,32.0,True
2026-09-19 06:17:30,Smart Padel Berlin,2026-09-19,Court 1,10:00,11:30,32.0,True
2026-09-19 06:17:30,Padel Berlin Mitte,2026-09-20,Court 1,10:00,11:30,32.0,True
2026-09-19 06:17:30,Smart Padel Berlin,2026-09-20,Court 1,10:00,11:30,32.0,True
2026-09-19 07:12:44,Padel Berlin Mitte,2026-09-19,Court 1,10:00,11:30,32.0,True
2026-09-19 07:12:44,Smart Padel Berlin,2026-09-19,Court 1,10:00,11:30,32.0,True
2026-09-19 07:12:44,Padel Berlin Mitte,2026-09-20,Court 1,10:00,11:30,32.0,True
2026-09-19 07:12:44,Smart Padel Berlin,2026-09-20,Court 1,10:00,11:30,32.0,True
2026-09-19 08:14:54,Padel Berlin Mitte,2026-09-19,Court 1,10:00,11:30,32.0,True
2026-09-19 08:14:54,Smart Padel Berlin,2026-09-19,Court 1,10:00,11:30,32.0,True
2026-09-19 08:14:54,Padel Berlin Mitte,2026-09-20,Court 1,10:00,11:30,32.0,True
2026-09-19 08:14:54,Smart Padel Berlin,2026-09-20,Court 1,10:00,11:30,32.0,True
2026-09-19 09:13:51,Padel Berlin Mitte,2026-09-19,Court 1,10:00,11:30,32.0,True
2026-09-19 09:13:51,Smart Padel Berlin,2026-09-19,Court 1,10:00,11:30,32.0,True
2026-09-19 09:13:51,Padel Berlin Mitte,2026-09-20,Court 1,10:00,11:30,32.0,True
2026-09-19 09:13:51,Smart Padel Berlin,2026-09-20,Court 1,10:00,11:30,32.0,True
2026-09-19 10:13:43,Padel Berlin Mitte,2026-09-19,Court 1,10:00,11:30,32.0,True
2026-09-19 10:13:43,Smart Padel Berlin,2026-09-19,Court 1,10:00,11:30,32.0,True
2026-09-19 10:13:43,Padel Berlin Mitte,2026-09-20,Court 1,10:00,11:30,32.0,True
2026-09-19 10:13:43,Smart Padel Berlin,2026-09-20,Court 1,10:00,11:30,32.0,True
2026-09-19 11:12:37,Padel Berlin Mitte,2026-09-19,Court 1,10:00,11:30,32.0,True
2026-09-19 11:12:37,Smart Padel Berlin,2026-09-19,Court 1,10:00,11:30,32.0,True
2026-09-19 11:12:37,Padel Berlin Mitte,2026-09-20,Court 1,10:00,11:30,32.0,True
2026-09-19 11:12:37,Smart Padel Berlin,2026-09-20,Court 1,10:00,11:30,32.0,True
2026-09-19 12:17:44,Padel Berlin Mitte,2026-09-19,Court 1,10:00,11:30,32.0,True
2026-09-19 12:17:44,Smart Padel Berlin,2026-09-19,Court 1,10:00,11:30,32.0,True
2026-09-19 12:17:44,Padel Berlin Mitte,2026-09-20,Court 1,10:00,11:30,32.0,True
2026-09-19 12:17:44,Smart Padel Berlin,2026-09-20,Court 1,10:00,11:30,32.0,True
2026-09-19 13:13:40,Padel Berlin Mitte,2026-09-19,Court 1,10:00,11:30,32.0,True
2026-09-19 13:13:40,Smart Padel Berlin,2026-09-19,Court 1,10:00,11:30,32.0,True
2026-09-19 13:13:40,Padel Berlin Mitte,2026-09-20,Court 1,10:00,11:30,32.0,True
2026-09-19 13:13:40,Smart Padel Berlin,2026-09-20,Court 1,10:00,11:30,32.0,True
2026-09-19 14:13:26,Padel Berlin Mitte,2026-09-19,Court 1,10:00,11:30,32.0,True
2026-09-19 14:13:26,Smart Padel Berlin,2026-09-19,Court 1,10:00,11:30,32.0,True
2026-09-19 14:13:26,Padel Berlin Mitte,2026-09-20,Court 1,10:00,11:30,32.0,True
2026-09-19 14:13:26,Smart Padel Berlin,2026-09-20,Court 1,10:00,11:30,32.0,True
2026-09-19 15:13:24,Padel Berlin Mitte,2026-09-19,Court 1,10:00,11:30,32.0,True
2026-09-19 15:13:24,Smart Padel Berlin,2026-09-19,Court 1,10:00,11:30,32.0,True
2026-09-19 15:13:24,Padel Berlin Mitte,2026-09-20,Court 1,10:00,11:30,32.0,True
2026-09-19 15:13:24,Smart Padel Berlin,2026-09-20,Court 1,10:00,11:30,32.0,True
2026-09-19 16:13:39,Padel Berlin Mitte,2026-09-19,Court 1,10:00,11:30,32.0,True
2026-09-19 16:13:39,Smart Padel Berlin,2026-09-19,Court 1,10:00,11:30,32.0,True
2026-09-19 16:13:39,Padel Berlin Mitte,2026-09-20,Court 1,10:00,11:30,32.0,True
2026-09-19 16:13:39,Smart Padel Berlin,2026-09-20,Court 1,10:00,11:30,32.0,True
2026-09-19 17:12:01,Padel Berlin Mitte,2026-09-19,Court 1,10:00,11:30,32.0,True
2026-09-19 17:12:01,Smart Padel Berlin,2026-09-19,Court 1,10:00,11:30,32.0,True
2026-09-19 17:12:01,Padel Berlin Mitte,2026-09-20,Court 1,10:00,11:30,32.0,True
2026-09-19 17:12:01,Smart Padel Berlin,2026-09-20,Court 1,10:00,11:30,32.0,True
2026-09-19 18:15:19,Padel Berlin Mitte,2026-09-19,Court 1,10:00,11:30,32.0,True
2026-09-19 18:15:19,Smart Padel Berlin,2026-09-19,Court 1,10:00,11:30,32.0,True
2026-09-19 18:15:19,Padel Berlin Mitte,2026-09-20,Court 1,10:00,11:30,32.0,True
2026-09-19 18:15:19,Smart Padel Berlin,2026-09-20,Court 1,10:00,11:30,32.0,True
2026-09-19 19:11:14,Padel Berlin Mitte,2026-09-19,Court 1,10:00,11:30,32.0,True
2026-09-19 19:11:14,Smart Padel Berlin,2026-09-19,Court 1,10:00,11:30,32.0,True
2026-09-19 19:11:14,Padel Berlin Mitte,2026-09-20,Court 1,10:00,11:30,32.0,True
2026-09-19 19:11:14,Smart Padel Berlin,2026-09-20,Court 1,10:00,11:30,32.0,True
2026-09-19 20:13:39,Padel Berlin Mitte,2026-09-19,Court 1,10:00,11:30,32.0,True
2026-09-19 20:13:39,Smart Padel Berlin,2026-09-19,Court 1,10:00,11:30,32.0,True
2026-09-19 20:13:39,Padel Berlin Mitte,2026-09-20,Court 1,10:00,11:30,32.0,True
2026-09-19 20:13:39,Smart Padel Berlin,2026-09-20,Court 1,10:00,11:30,32.0,True
2026-09-19 21:13:12,Padel Berlin Mitte,2026-09-19,Court 1,10:00,11:30,32.0,True
2026-09-19 21:13:12,Smart Padel Berlin,2026-09-19,Court 1,10:00,11:30,32.0,True
2026-09-19 21:13:12,Padel Berlin Mitte,2026-09-20,Court 1,10:00,11:30,32.0,True
2026-09-19 21:13:12,Smart Padel Berlin,2026-09-20,Court 1,10:00,11:30,32.0,True
2026-09-19 22:13:17,Padel Berlin Mitte,2026-09-19,Court 1,10:00,11:30,32.0,True
2026-09-19 22:13:17,Smart Padel Berlin,2026-09-19,Court 1,10:00,11:30,32.0,True
2026-09-19 22:13:17,Padel Berlin Mitte,2026-09-20,Court 1,10:00,11:30,32.0,True
2026-09-19 22:13:17,Smart Padel Berlin,2026-09-20,Court 1,10:00,11:30,32.0,True
2026-09-19 23:12:12,Padel Berlin Mitte,2026-09-19,Court 1,10:00,11:30,32.0,True
2026-09-19 23:12:12,Smart Padel Berlin,2026-09-19,Court 1,10:00,11:30,32.0,True
2026-09-19 23:12:12,Padel Berlin Mitte,2026-09-20,Court 1,10:00,11:30,32.0,True
2026-09-19 23:12:12,Smart Padel Berlin,2026-09-20,Court 1,10:00,11:30,32.0,True
2026-09-20 00:20:34,Padel Berlin Mitte,2026-09-20,Court 1,10:00,11:30,32.0,True
2026-09-20 00:20:34,Smart Padel Berlin,2026-09-20,Court 1,10:00,11:30,32.0,True
2026-09-20 00:20:34,Padel Berlin Mitte,2026-09-21,Court 1,10:00,11:30,32.0,True
2026-09-20 00:20:34,Smart Padel Berlin,2026-09-21,Court 1,10:00,11:30,32.0,True
2026-09-20 01:12:29,Padel Berlin Mitte,2026-09-20,Court 1,10:00,11:30,32.0,True
2026-09-20 01:12:29,Smart Padel Berlin,2026-09-20,Court 1,10:00,11:30,32.0,True
2026-09-20 01:12:29,Padel Berlin Mitte,2026-09-21,Court 1,10:00,11:30,32.0,True
2026-09-20 01:12:29,Smart Padel Berlin,2026-09-21,Court 1,10:00,11:30,32.0,True
2026-09-20 02:14:14,Padel Berlin Mitte,2026-09-20,Court 1,10:00,11:30,32.0,True
2026-09-20 02:14:14,Smart Padel Berlin,2026-09-20,Court 1,10:00,11:30,32.0,True
2026-09-20 02:14:14,Padel Berlin Mitte,2026-09-21,Court 1,10:00,11:30,32.0,True
2026-09-20 02:14:14,Smart Padel Berlin,2026-09-21,Court 1,10:00,11:30,32.0,True
2026-09-20 03:14:25,Padel Berlin Mitte,2026-09-20,Court 1,10:00,11:30,32.0,True
2026-09-20 03:14:25,Smart Padel Berlin,2026-09-20,Court 1,10:00,11:30,32.0,True
2026-09-20 03:14:25,Padel Berlin Mitte,2026-09-21,Court 1,10:00,11:30,32.0,True
2026-09-20 03:14:25,Smart Padel Berlin,2026-09-21,Court 1,10:00,11:30,32.0,True
2026-09-20 04:14:22,Padel Berlin Mitte,2026-09-20,Court 1,10:00,11:30,32.0,True
2026-09-20 04:14:22,Smart Padel Berlin,2026-09-20,Court 1,10:00,11:30,32.0,True
2026-09-20 04:14:22,Padel Berlin Mitte,2026-09-21,Court 1,10:00,11:30,32.0,True
2026-09-20 04:14:22,Smart Padel Berlin,2026-09-21,Court 1,10:00,11:30,32.0,True
2026-09-20 05:13:12,Padel Berlin Mitte,2026-09-20,Court 1,10:00,11:30,32.0,True
2026-09-20 05:13:12,Smart Padel Berlin,2026-09-20,Court 1,10:00,11:30,32.0,True
2026-09-20 05:13:12,Padel Berlin Mitte,2026-09-21,Court 1,10:00,11:30,32.0,True
2026-09-20 05:13:12,Smart Padel Berlin,2026-09-21,Court 1,10:00,11:30,32.0,True
2026-09-20 06:17:40,Padel Berlin Mitte,2026-09-20,Court 1,10:00,11:30,32.0,True
2026-09-20 06:17:40,Smart Padel Berlin,2026-09-20,Court 1,10:00,11:30,32.0,True
2026-09-20 06:17:40,Padel Berlin Mitte,2026-09-21,Court 1,10:00,11:30,32.0,True
2026-09-20 06:17:40,Smart Padel Berlin,2026-09-21,Court 1,10:00,11:30,32.0,True
2026-09-20 07:12:46,Padel Berlin Mitte,2026-09-20,Court 1,10:00,11:30,32.0,True
2026-09-20 07:12:46,Smart Padel Berlin,2026-09-20,Court 1,10:00,11:30,32.0,True
2026-09-20 07:12:46,Padel Berlin Mitte,2026-09-21,Court 1,10:00,11:30,32.0,True
2026-09-20 07:12:46,Smart Padel Berlin,2026-09-21,Court 1,10:00,11:30,32.0,True
2026-09-20 08:14:12,Padel Berlin Mitte,2026-09-20,Court 1,10:00,11:30,32.0,True
2026-09-20 08:14:12,Smart Padel Berlin,2026-09-20,Court 1,10:00,11:30,32.0,True
2026-09-20 08:14:12,Padel Berlin Mitte,2026-09-21,Court 1,10:00,11:30,32.0,True
2026-09-20 08:14:12,Smart Padel Berlin,2026-09-21,Court 1,10:00,11:30,32.0,True
2026-09-20 09:13:41,Padel Berlin Mitte,2026-09-20,Court 1,10:00,11:30,32.0,True
2026-09-20 09:13:41,Smart Padel Berlin,2026-09-20,Court 1,10:00,11:30,32.0,True
2026-09-20 09:13:41,Padel Berlin Mitte,2026-09-21,Court 1,10:00,11:30,32.0,True
2026-09-20 09:13:41,Smart Padel Berlin,2026-09-21,Court 1,10:00,11:30,32.0,True
2026-09-20 10:13:35,Padel Berlin Mitte,2026-09-20,Court 1,10:00,11:30,32.0,True
2026-09-20 10:13:35,Smart Padel Berlin,2026-09-20,Court 1,10:00,11:30,32.0,True
2026-09-20 10:13:35,Padel Berlin Mitte,2026-09-21,Court 1,10:00,11:30,32.0,True
2026-09-20 10:13:35,Smart Padel Berlin,2026-09-21,Court 1,10:00,11:30,32.0,True
2026-09-20 11:12:47,Padel Berlin Mitte,2026-09-20,Court 1,10:00,11:30,32.0,True
2026-09-20 11:12:47,Smart Padel Berlin,2026-09-20,Court 1,10:00,11:30,32.0,True
2026-09-20 11:12:47,Padel Berlin Mitte,2026-09-21,Court 1,10:00,11:30,32.0,True
2026-09-20 11:12:47,Smart Padel Berlin,2026-09-21,Court 1,10:00,11:30,32.0,True
2026-09-20 12:17:13,Padel Berlin Mitte,2026-09-20,Court 1,10:00,11:30,32.0,True
2026-09-20 12:17:13,Smart Padel Berlin,2026-09-20,Court 1,10:00,11:30,32.0,True
2026-09-20 12:17:13,Padel Berlin Mitte,2026-09-21,Court 1,10:00,11:30,32.0,True
2026-09-20 12:17:13,Smart Padel Berlin,2026-09-21,Court 1,10:00,11:30,32.0,True
2026-09-20 13:12:41,Padel Berlin Mitte,2026-09-20,Court 1,10:00,11:30,32.0,True
2026-09-20 13:12:41,Smart Padel Berlin,2026-09-20,Court 1,10:00,11:30,32.0,True
2026-09-20 13:12:41,Padel Berlin Mitte,2026-09-21,Court 1,10:00,11:30,32.0,True
2026-09-20 13:12:41,Smart Padel Berlin,2026-09-21,Court 1,10:00,11:30,32.0,True
2026-09-20 14:13:19,Padel Berlin Mitte,2026-09-20,Court 1,10:00,11:30,32.0,True
2026-09-20 14:13:19,Smart Padel Berlin,2026-09-20,Court 1,10:00,11:30,32.0,True
2026-09-20 14:13:19,Padel Berlin Mitte,2026-09-21,Court 1,10:00,11:30,32.0,True
2026-09-20 14:13:19,Smart Padel Berlin,2026-09-21,Court 1,10:00,11:30,32.0,True
2026-09-20 15:13:25,Padel Berlin Mitte,2026-09-20,Court 1,10:00,11:30,32.0,True
2026-09-20 15:13:25,Smart Padel Berlin,2026-09-20,Court 1,10:00,11:30,32.0,True
2026-09-20 15:13:25,Padel Berlin Mitte,2026-09-21,Court 1,10:00,11:30,32.0,True
2026-09-20 15:13:25,Smart Padel Berlin,2026-09-21,Court 1,10:00,11:30,32.0,True
2026-09-20 16:13:57,Padel Berlin Mitte,2026-09-20,Court 1,10:00,11:30,32.0,True
2026-09-20 16:13:57,Smart Padel Berlin,2026-09-20,Court 1,10:00,11:30,32.0,True
2026-09-20 16:13:57,Padel Berlin Mitte,2026-09-21,Court 1,10:00,11:30,32.0,True
2026-09-20 16:13:57,Smart Padel Berlin,2026-09-21,Court 1,10:00,11:30,32.0,True
2026-09-20 17:12:23,Padel Berlin Mitte,2026-09-20,Court 1,10:00,11:30,32.0,True
2026-09-20 17:12:23,Smart Padel Berlin,2026-09-20,Court 1,10:00,11:30,32.0,True
2026-09-20 17:12:23,Padel Berlin Mitte,2026-09-21,Court 1,10:00,11:30,32.0,True
2026-09-20 17:12:23,Smart Padel Berlin,2026-09-21,Court 1,10:00,11:30,32.0,True
2026-09-20 18:15:24,Padel Berlin Mitte,2026-09-20,Court 1,10:00,11:30,32.0,True
2026-09-20 18:15:24,Smart Padel Berlin,2026-09-20,Court 1,10:00,11:30,32.0,True
2026-09-20 18:15:24,Padel Berlin Mitte,2026-09-21,Court 1,10:00,11:30,32.0,True
2026-09-20 18:15:24,Smart Padel Berlin,2026-09-21,Court 1,10:00,11:30,32.0,True
2026-09-20 19:11:38,Padel Berlin Mitte,2026-09-20,Court 1,10:00,11:30,32.0,True
2026-09-20 19:11:38,Smart Padel Berlin,2026-09-20,Court 1,10:00,11:30,32.0,True
2026-09-20 19:11:38,Padel Berlin Mitte,2026-09-21,Court 1,10:00,11:30,32.0,True
2026-09-20 19:11:38,Smart Padel Berlin,2026-09-21,Court 1,10:00,11:30,32.0,True
2026-09-20 20:12:59,Padel Berlin Mitte,2026-09-20,Court 1,10:00,11:30,32.0,True
2026-09-20 20:12:59,Smart Padel Berlin,2026-09-20,Court 1,10:00,11:30,32.0,True
2026-09-20 20:12:59,Padel Berlin Mitte,2026-09-21,Court 1,10:00,11:30,32.0,True
2026-09-20 20:12:59,Smart Padel Berlin,2026-09-21,Court 1,10:00,11:30,32.0,True
2026-09-20 21:12:59,Padel Berlin Mitte,2026-09-20,Court 1,10:00,11:30,32.0,True
2026-09-20 21:12:59,Smart Padel Berlin,2026-09-20,Court 1,10:00,11:30,32.0,True
2026-09-20 21:12:59,Padel Berlin Mitte,2026-09-21,Court 1,10:00,11:30,32.0,True
2026-09-20 21:12:59,Smart Padel Berlin,2026-09-21,Court 1,10:00,11:30,32.0,True
2026-09-20 22:13:11,Padel Berlin Mitte,2026-09-20,Court 1,10:00,11:30,32.0,True
2026-09-20 22:13:11,Smart Padel Berlin,2026-09-20,Court 1,10:00,11:30,32.0,True
2026-09-20 22:13:11,Padel Berlin Mitte,2026-09-21,Court 1,10:00,11:30,32.0,True
2026-09-20 22:13:11,Smart Padel Berlin,2026-09-21,Court 1,10:00,11:30,32.0,True
2026-09-20 23:12:28,Padel Berlin Mitte,2026-09-20,Court 1,10:00,11:30,32.0,True
2026-09-20 23:12:28,Smart Padel Berlin,2026-09-20,Court 1,10:00,11:30,32.0,True
2026-09-20 23:12:28,Padel Berlin Mitte,2026-09-21,Court 1,10:00,11:30,32.0,True
2026-09-20 23:12:28,Smart Padel Berlin,2026-09-21,Court 1,10:00,11:30,32.0,True
2026-09-21 00:20:09,Padel Berlin Mitte,2026-09-21,Court 1,10:00,11:30,32.0,True
2026-09-21 00:20:09,Smart Padel Berlin,2026-09-21,Court 1,10:00,11:30,32.0,True
2026-09-21 00:20:09,Padel Berlin Mitte,2026-09-22,Court 1,10:00,11:30,32.0,True
2026-09-21 00:20:09,Smart Padel Berlin,2026-09-22,Court 1,10:00,11:30,32.0,True
2026-09-21 01:13:34,Padel Berlin Mitte,2026-09-21,Court 1,10:00,11:30,32.0,True
2026-09-21 01:13:34,Smart Padel Berlin,2026-09-21,Court 1,10:00,11:30,32.0,True
2026-09-21 01:13:34,Padel Berlin Mitte,2026-09-22,Court 1,10:00,11:30,32.0,True
2026-09-21 01:13:34,Smart Padel Berlin,2026-09-22,Court 1,10:00,11:30,32.0,True
2026-09-21 02:14:16,Padel Berlin Mitte,2026-09-21,Court 1,10:00,11:30,32.0,True
2026-09-21 02:14:16,Smart Padel Berlin,2026-09-21,Court 1,10:00,11:30,32.0,True
2026-09-21 02:14:16,Padel Berlin Mitte,2026-09-22,Court 1,10:00,11:30,32.0,True
2026-09-21 02:14:16,Smart Padel Berlin,2026-09-22,Court 1,10:00,11:30,32.0,True
2026-09-21 03:14:51,Padel Berlin Mitte,2026-09-21,Court 1,10:00,11:30,32.0,True
2026-09-21 03:14:51,Smart Padel Berlin,2026-09-21,Court 1,10:00,11:30,32.0,True
2026-09-21 03:14:51,Padel Berlin Mitte,2026-09-22,Court 1,10:00,11:30,32.0,True
2026-09-21 03:14:51,Smart Padel Berlin,2026-09-22,Court 1,10:00,11:30,32.0,True
2026-09-21 04:14:44,Padel Berlin Mitte,2026-09-21,Court 1,10:00,11:30,32.0,True
2026-09-21 04:14:44,Smart Padel Berlin,2026-09-21,Court 1,10:00,11:30,32.0,True
2026-09-21 04:14:44,Padel Berlin Mitte,2026-09-22,Court 1,10:00,11:30,32.0,True
2026-09-21 04:14:44,Smart Padel Berlin,2026-09-22,Court 1,10:00,11:30,32.0,True
2026-09-21 05:14:14,Padel Berlin Mitte,2026-09-21,Court 1,10:00,11:30,32.0,True
2026-09-21 05:14:14,Smart Padel Berlin,2026-09-21,Court 1,10:00,11:30,32.0,True
2026-09-21 05:14:14,Padel Berlin Mitte,2026-09-22,Court 1,10:00,11:30,32.0,True
2026-09-21 05:14:14,Smart Padel Berlin,2026-09-22,Court 1,10:00,11:30,32.0,True
2026-09-21 06:20:20,Padel Berlin Mitte,2026-09-21,Court 1,10:00,11:30,32.0,True
2026-09-21 06:20:20,Smart Padel Berlin,2026-09-21,Court 1,10:00,11:30,32.0,True
2026-09-21 06:20:20,Padel Berlin Mitte,2026-09-22,Court 1,10:00,11:30,32.0,True
2026-09-21 06:20:20,Smart Padel Berlin,2026-09-22,Court 1,10:00,11:30,32.0,True
